Time:,2024/12/13 0:21:24
Mode:,I-t - Amperometric i-t Curve
Range,5.0E-2A
Init E (mV),2000
Run Time (mS),180000
Quiet Time (mS),2000
Sample Int (mS),100
Filter (1-9999),9950

Time(S),Current(A)
1.0000e-001,-3.1818e-006
2.0000e-001,-2.3654e-006
3.0000e-001,-2.9588e-006
4.0000e-001,-2.2701e-006
5.0000e-001,-2.0877e-006
6.0000e-001,-2.4279e-006
7.0000e-001,-2.2470e-006
8.0000e-001,-1.7956e-006
9.0000e-001,-1.7486e-006
1.0000e+000,-2.2976e-006
1.1000e+000,-2.5187e-006
1.2000e+000,-2.7765e-006
1.3000e+000,-1.8639e-006
1.4000e+000,-2.6751e-006
1.5000e+000,-2.5688e-006
1.6000e+000,-2.3709e-006
1.7000e+000,-2.7570e-006
1.8000e+000,-2.4638e-006
1.9000e+000,-2.6352e-006
2.0000e+000,-2.4282e-006
2.1000e+000,-2.3160e-006
2.2000e+000,-2.4669e-006
2.3000e+000,-2.5735e-006
2.4000e+000,-1.8829e-006
2.5000e+000,-2.1000e-006
2.6000e+000,-2.6947e-006
2.7000e+000,-2.3594e-006
2.8000e+000,-2.4031e-006
2.9000e+000,-2.5540e-006
3.0000e+000,-1.7013e-006
3.1000e+000,-2.2958e-006
3.2000e+000,-2.9461e-006
3.3000e+000,-2.5635e-006
3.4000e+000,-2.1249e-006
3.5000e+000,-2.3671e-006
3.6000e+000,-2.2779e-006
3.7000e+000,-2.8541e-006
3.8000e+000,-2.4541e-006
3.9000e+000,-2.3045e-006
4.0000e+000,-2.2974e-006
4.1000e+000,-2.3226e-006
4.2000e+000,-2.1308e-006
4.3000e+000,-2.3062e-006
4.4000e+000,-3.2079e-006
4.5000e+000,-2.2235e-006
4.6000e+000,-2.1996e-006
4.7000e+000,-2.8391e-006
4.8000e+000,-2.1872e-006
4.9000e+000,-2.4428e-006
5.0000e+000,-2.2606e-006
5.1000e+000,-1.7072e-006
5.2000e+000,-2.2206e-006
5.3000e+000,-2.1720e-006
5.4000e+000,-2.1319e-006
5.5000e+000,-3.0825e-006
5.6000e+000,-2.1748e-006
5.7000e+000,-2.5353e-006
5.8000e+000,-2.1317e-006
5.9000e+000,-2.7833e-006
6.0000e+000,-2.0290e-006
6.1000e+000,-2.8478e-006
6.2000e+000,-2.3911e-006
6.3000e+000,-1.5298e-006
6.4000e+000,-2.3222e-006
6.5000e+000,-2.0857e-006
6.6000e+000,-1.9185e-006
6.7000e+000,-2.1462e-006
6.8000e+000,-1.5224e-006
6.9000e+000,-2.2445e-006
7.0000e+000,-2.4612e-006
7.1000e+000,-2.2154e-006
7.2000e+000,-2.3428e-006
7.3000e+000,-2.3589e-006
7.4000e+000,-1.9729e-006
7.5000e+000,-2.1414e-006
7.6000e+000,-2.8788e-006
7.7000e+000,-2.2543e-006
7.8000e+000,-2.0996e-006
7.9000e+000,-2.1818e-006
8.0000e+000,-2.2455e-006
8.1000e+000,-2.3208e-006
8.2000e+000,-2.4562e-006
8.3000e+000,-3.1031e-006
8.4000e+000,-2.2938e-006
8.5000e+000,-2.3039e-006
8.6000e+000,-2.3097e-006
8.7000e+000,-2.2768e-006
8.8000e+000,-2.3924e-006
8.9000e+000,-2.1034e-006
9.0000e+000,-2.2557e-006
9.1000e+000,-2.5759e-006
9.2000e+000,-2.5692e-006
9.3000e+000,-1.9898e-006
9.4000e+000,-2.1182e-006
9.5000e+000,-2.1247e-006
9.6000e+000,-2.6057e-006
9.7000e+000,-2.4297e-006
9.8000e+000,-2.5830e-006
9.9000e+000,-2.4640e-006
1.0000e+001,-2.1499e-006
1.0100e+001,-2.1235e-006
1.0200e+001,-2.2995e-006
1.0300e+001,-2.1659e-006
1.0400e+001,-2.1257e-006
1.0500e+001,-2.1012e-006
1.0600e+001,-2.2376e-006
1.0700e+001,-1.7678e-006
1.0800e+001,-2.3934e-006
1.0900e+001,-2.3153e-006
1.1000e+001,-2.6863e-006
1.1100e+001,-2.5498e-006
1.1200e+001,-2.1355e-006
1.1300e+001,-1.7988e-006
1.1400e+001,-2.3456e-006
1.1500e+001,-2.4520e-006
1.1600e+001,-2.3759e-006
1.1700e+001,-2.2972e-006
1.1800e+001,-2.7118e-006
1.1900e+001,-2.5620e-006
1.2000e+001,-2.8045e-006
1.2100e+001,-2.3022e-006
1.2200e+001,-2.1166e-006
1.2300e+001,-1.9230e-006
1.2400e+001,-2.6936e-006
1.2500e+001,-2.4533e-006
1.2600e+001,-2.4826e-006
1.2700e+001,-1.7898e-006
1.2800e+001,-2.1143e-006
1.2900e+001,-2.3971e-006
1.3000e+001,-2.3003e-006
1.3100e+001,-2.3060e-006
1.3200e+001,-2.3843e-006
1.3300e+001,-2.2996e-006
1.3400e+001,-2.6599e-006
1.3500e+001,-2.5102e-006
1.3600e+001,-2.8195e-006
1.3700e+001,-2.5335e-006
1.3800e+001,-2.3388e-006
1.3900e+001,-2.3046e-006
1.4000e+001,-3.0043e-006
1.4100e+001,-2.3542e-006
1.4200e+001,-1.8906e-006
1.4300e+001,-2.4237e-006
1.4400e+001,-2.3079e-006
1.4500e+001,-2.8034e-006
1.4600e+001,-2.3334e-006
1.4700e+001,-2.3992e-006
1.4800e+001,-2.5810e-006
1.4900e+001,-2.4259e-006
1.5000e+001,-3.0945e-006
1.5100e+001,-2.7606e-006
1.5200e+001,-1.9468e-006
1.5300e+001,-2.1341e-006
1.5400e+001,-1.9808e-006
1.5500e+001,-2.3988e-006
1.5600e+001,-2.6683e-006
1.5700e+001,-2.3760e-006
1.5800e+001,-2.8203e-006
1.5900e+001,-2.6717e-006
1.6000e+001,-3.0251e-006
1.6100e+001,-2.1594e-006
1.6200e+001,-2.4276e-006
1.6300e+001,-2.2307e-006
1.6400e+001,-2.4471e-006
1.6500e+001,-2.6309e-006
1.6600e+001,-2.4334e-006
1.6700e+001,-1.7057e-006
1.6800e+001,-2.6389e-006
1.6900e+001,-2.8527e-006
1.7000e+001,-2.8097e-006
1.7100e+001,-2.3968e-006
1.7200e+001,-2.7587e-006
1.7300e+001,-2.3604e-006
1.7400e+001,-2.1353e-006
1.7500e+001,-1.7334e-006
1.7600e+001,-2.2267e-006
1.7700e+001,-2.1593e-006
1.7800e+001,-1.9980e-006
1.7900e+001,-2.1390e-006
1.8000e+001,-2.4945e-006
1.8100e+001,-2.2686e-006
1.8200e+001,-2.1428e-006
1.8300e+001,-2.4345e-006
1.8400e+001,-2.7194e-006
1.8500e+001,-2.3020e-006
1.8600e+001,-2.5293e-006
1.8700e+001,-2.5366e-006
1.8800e+001,-2.4664e-006
1.8900e+001,-2.7593e-006
1.9000e+001,-2.6753e-006
1.9100e+001,-2.1899e-006
1.9200e+001,-2.4690e-006
1.9300e+001,-2.3202e-006
1.9400e+001,-2.0882e-006
1.9500e+001,-2.1170e-006
1.9600e+001,-2.6884e-006
1.9700e+001,-2.1169e-006
1.9800e+001,-2.2601e-006
1.9900e+001,-2.0039e-006
2.0000e+001,-2.9064e-006
2.0100e+001,-2.6891e-006
2.0200e+001,-2.3242e-006
2.0300e+001,-2.6514e-006
2.0400e+001,-2.4349e-006
2.0500e+001,-2.0375e-006
2.0600e+001,-2.7333e-006
2.0700e+001,-1.9672e-006
2.0800e+001,-2.4623e-006
2.0900e+001,-2.8673e-006
2.1000e+001,-2.0092e-006
2.1100e+001,-2.5189e-006
2.1200e+001,-2.3308e-006
2.1300e+001,-2.2818e-006
2.1400e+001,-1.9875e-006
2.1500e+001,-2.1767e-006
2.1600e+001,-1.9284e-006
2.1700e+001,-2.3036e-006
2.1800e+001,-2.4441e-006
2.1900e+001,-2.3187e-006
2.2000e+001,-2.4260e-006
2.2100e+001,-2.0222e-006
2.2200e+001,-1.9980e-006
2.2300e+001,-2.1334e-006
2.2400e+001,-2.0708e-006
2.2500e+001,-2.4978e-006
2.2600e+001,-2.1578e-006
2.2700e+001,-2.0701e-006
2.2800e+001,-2.3901e-006
2.2900e+001,-2.6578e-006
2.3000e+001,-2.4326e-006
2.3100e+001,-2.1657e-006
2.3200e+001,-2.4518e-006
2.3300e+001,-2.4345e-006
2.3400e+001,-2.1389e-006
2.3500e+001,-2.8034e-006
2.3600e+001,-2.4341e-006
2.3700e+001,-2.0093e-006
2.3800e+001,-1.6707e-006
2.3900e+001,-2.3047e-006
2.4000e+001,-2.0369e-006
2.4100e+001,-2.2789e-006
2.4200e+001,-2.2449e-006
2.4300e+001,-2.2625e-006
2.4400e+001,-2.2550e-006
2.4500e+001,-2.5453e-006
2.4600e+001,-2.7193e-006
2.4700e+001,-2.5854e-006
2.4800e+001,-1.9885e-006
2.4900e+001,-2.7130e-006
2.5000e+001,-2.1250e-006
2.5100e+001,-2.7494e-006
2.5200e+001,-2.5188e-006
2.5300e+001,-2.4339e-006
2.5400e+001,-3.0458e-006
2.5500e+001,-2.3845e-006
2.5600e+001,-2.4597e-006
2.5700e+001,-2.5633e-006
2.5800e+001,-2.2781e-006
2.5900e+001,-2.5846e-006
2.6000e+001,-2.2480e-006
2.6100e+001,-2.6836e-006
2.6200e+001,-2.5273e-006
2.6300e+001,-2.6117e-006
2.6400e+001,-2.5815e-006
2.6500e+001,-2.6004e-006
2.6600e+001,-2.4376e-006
2.6700e+001,-2.4656e-006
2.6800e+001,-2.6293e-006
2.6900e+001,-1.9730e-006
2.7000e+001,-2.6887e-006
2.7100e+001,-2.4225e-006
2.7200e+001,-1.8523e-006
2.7300e+001,-2.2760e-006
2.7400e+001,-1.9523e-006
2.7500e+001,-2.4385e-006
2.7600e+001,-1.9901e-006
2.7700e+001,-2.4133e-006
2.7800e+001,-2.5400e-006
2.7900e+001,-2.6826e-006
2.8000e+001,-2.3649e-006
2.8100e+001,-1.6948e-006
2.8200e+001,-2.9549e-006
2.8300e+001,-2.9545e-006
2.8400e+001,-2.8469e-006
2.8500e+001,-3.0562e-006
2.8600e+001,-2.2212e-006
2.8700e+001,-2.5462e-006
2.8800e+001,-2.6802e-006
2.8900e+001,-1.9010e-006
2.9000e+001,-2.2244e-006
2.9100e+001,-2.3552e-006
2.9200e+001,-2.5928e-006
2.9300e+001,-2.2970e-006
2.9400e+001,-2.4455e-006
2.9500e+001,-2.1266e-006
2.9600e+001,-1.8976e-006
2.9700e+001,-2.3753e-006
2.9800e+001,-2.0026e-006
2.9900e+001,-2.4043e-006
3.0000e+001,-2.1916e-006
3.0100e+001,-2.6961e-006
3.0200e+001,-2.2720e-006
3.0300e+001,-2.7201e-006
3.0400e+001,-1.8723e-006
3.0500e+001,-2.1542e-006
3.0600e+001,-2.7596e-006
3.0700e+001,-2.6496e-006
3.0800e+001,-2.3670e-006
3.0900e+001,-2.1675e-006
3.1000e+001,-3.0882e-006
3.1100e+001,-2.6136e-006
3.1200e+001,-2.4454e-006
3.1300e+001,-2.4539e-006
3.1400e+001,-2.3033e-006
3.1500e+001,-2.5889e-006
3.1600e+001,-2.5044e-006
3.1700e+001,-2.4854e-006
3.1800e+001,-2.4277e-006
3.1900e+001,-2.1232e-006
3.2000e+001,-2.4328e-006
3.2100e+001,-2.4446e-006
3.2200e+001,-2.1704e-006
3.2300e+001,-2.6794e-006
3.2400e+001,-2.4875e-006
3.2500e+001,-2.3754e-006
3.2600e+001,-2.7026e-006
3.2700e+001,-2.7376e-006
3.2800e+001,-2.1703e-006
3.2900e+001,-2.1914e-006
3.3000e+001,-2.0745e-006
3.3100e+001,-2.2507e-006
3.3200e+001,-2.6698e-006
3.3300e+001,-2.5716e-006
3.3400e+001,-2.2788e-006
3.3500e+001,-2.7055e-006
3.3600e+001,-2.2478e-006
3.3700e+001,-2.7071e-006
3.3800e+001,-2.4577e-006
3.3900e+001,-2.6647e-006
3.4000e+001,-2.5743e-006
3.4100e+001,-2.6099e-006
3.4200e+001,-2.2557e-006
3.4300e+001,-2.5655e-006
3.4400e+001,-1.9382e-006
3.4500e+001,-2.3604e-006
3.4600e+001,-2.4939e-006
3.4700e+001,-2.7368e-006
3.4800e+001,-1.7866e-006
3.4900e+001,-2.6564e-006
3.5000e+001,-2.6828e-006
3.5100e+001,-2.1195e-006
3.5200e+001,-2.4401e-006
3.5300e+001,-2.3842e-006
3.5400e+001,-2.3063e-006
3.5500e+001,-2.1904e-006
3.5600e+001,-2.5198e-006
3.5700e+001,-2.3029e-006
3.5800e+001,-3.0802e-006
3.5900e+001,-2.2562e-006
3.6000e+001,-2.7269e-006
3.6100e+001,-2.8124e-006
3.6200e+001,-2.5708e-006
3.6300e+001,-2.1705e-006
3.6400e+001,-2.4342e-006
3.6500e+001,-2.5697e-006
3.6600e+001,-3.1921e-006
3.6700e+001,-2.5833e-006
3.6800e+001,-2.5914e-006
3.6900e+001,-2.0034e-006
3.7000e+001,-3.0304e-006
3.7100e+001,-2.0521e-006
3.7200e+001,-2.5162e-006
3.7300e+001,-2.2680e-006
3.7400e+001,-2.4696e-006
3.7500e+001,-2.5761e-006
3.7600e+001,-2.6824e-006
3.7700e+001,-2.1811e-006
3.7800e+001,-2.5665e-006
3.7900e+001,-2.3497e-006
3.8000e+001,-2.9773e-006
3.8100e+001,-2.1916e-006
3.8200e+001,-2.7907e-006
3.8300e+001,-2.4341e-006
3.8400e+001,-2.4411e-006
3.8500e+001,-2.4871e-006
3.8600e+001,-2.5280e-006
3.8700e+001,-2.1128e-006
3.8800e+001,-2.5536e-006
3.8900e+001,-2.8304e-006
3.9000e+001,-2.7012e-006
3.9100e+001,-2.6572e-006
3.9200e+001,-2.5749e-006
3.9300e+001,-2.7655e-006
3.9400e+001,-2.3968e-006
3.9500e+001,-2.6970e-006
3.9600e+001,-2.7064e-006
3.9700e+001,-2.3831e-006
3.9800e+001,-3.0456e-006
3.9900e+001,-2.8330e-006
4.0000e+001,-2.0223e-006
4.0100e+001,-2.1929e-006
4.0200e+001,-2.0197e-006
4.0300e+001,-3.0820e-006
4.0400e+001,-2.0404e-006
4.0500e+001,-2.2619e-006
4.0600e+001,-2.4994e-006
4.0700e+001,-2.2817e-006
4.0800e+001,-2.7174e-006
4.0900e+001,-2.1337e-006
4.1000e+001,-2.6610e-006
4.1100e+001,-2.6473e-006
4.1200e+001,-2.0866e-006
4.1300e+001,-2.6224e-006
4.1400e+001,-2.2477e-006
4.1500e+001,-1.9443e-006
4.1600e+001,-2.3525e-006
4.1700e+001,-1.8109e-006
4.1800e+001,-2.9248e-006
4.1900e+001,-2.5538e-006
4.2000e+001,-2.3585e-006
4.2100e+001,-2.3672e-006
4.2200e+001,-2.1491e-006
4.2300e+001,-2.5266e-006
4.2400e+001,-2.1341e-006
4.2500e+001,-2.6535e-006
4.2600e+001,-2.2117e-006
4.2700e+001,-2.2537e-006
4.2800e+001,-2.9399e-006
4.2900e+001,-2.2888e-006
4.3000e+001,-2.6688e-006
4.3100e+001,-2.5603e-006
4.3200e+001,-2.1628e-006
4.3300e+001,-3.0639e-006
4.3400e+001,-3.1373e-006
4.3500e+001,-2.2327e-006
4.3600e+001,-2.7575e-006
4.3700e+001,-2.4567e-006
4.3800e+001,-2.2909e-006
4.3900e+001,-2.4607e-006
4.4000e+001,-1.6599e-006
4.4100e+001,-2.6858e-006
4.4200e+001,-2.3951e-006
4.4300e+001,-2.5812e-006
4.4400e+001,-2.5202e-006
4.4500e+001,-2.5784e-006
4.4600e+001,-2.6017e-006
4.4700e+001,-2.3124e-006
4.4800e+001,-2.5120e-006
4.4900e+001,-2.2475e-006
4.5000e+001,-2.8466e-006
4.5100e+001,-2.8017e-006
4.5200e+001,-2.8369e-006
4.5300e+001,-2.4879e-006
4.5400e+001,-2.1156e-006
4.5500e+001,-1.8291e-006
4.5600e+001,-3.1658e-006
4.5700e+001,-2.9751e-006
4.5800e+001,-2.7213e-006
4.5900e+001,-2.9387e-006
4.6000e+001,-2.5675e-006
4.6100e+001,-2.7070e-006
4.6200e+001,-2.4544e-006
4.6300e+001,-2.2394e-006
4.6400e+001,-1.9032e-006
4.6500e+001,-2.2772e-006
4.6600e+001,-2.0195e-006
4.6700e+001,-2.6656e-006
4.6800e+001,-2.7364e-006
4.6900e+001,-2.4411e-006
4.7000e+001,-2.6232e-006
4.7100e+001,-2.7008e-006
4.7200e+001,-2.8405e-006
4.7300e+001,-2.7184e-006
4.7400e+001,-2.3554e-006
4.7500e+001,-2.5776e-006
4.7600e+001,-2.5277e-006
4.7700e+001,-2.4146e-006
4.7800e+001,-2.3659e-006
4.7900e+001,-2.7018e-006
4.8000e+001,-2.6859e-006
4.8100e+001,-2.1419e-006
4.8200e+001,-2.8202e-006
4.8300e+001,-2.6087e-006
4.8400e+001,-2.5921e-006
4.8500e+001,-2.3850e-006
4.8600e+001,-2.3206e-006
4.8700e+001,-2.0116e-006
4.8800e+001,-2.8274e-006
4.8900e+001,-2.2768e-006
4.9000e+001,-2.3514e-006
4.9100e+001,-2.5428e-006
4.9200e+001,-2.7969e-006
4.9300e+001,-2.1199e-006
4.9400e+001,-2.5354e-006
4.9500e+001,-2.5887e-006
4.9600e+001,-2.6565e-006
4.9700e+001,-2.4657e-006
4.9800e+001,-1.8357e-006
4.9900e+001,-2.3095e-006
5.0000e+001,-2.6894e-006
5.0100e+001,-2.3091e-006
5.0200e+001,-2.5456e-006
5.0300e+001,-1.9385e-006
5.0400e+001,-2.2850e-006
5.0500e+001,-2.8119e-006
5.0600e+001,-2.2652e-006
5.0700e+001,-2.2530e-006
5.0800e+001,-2.2951e-006
5.0900e+001,-2.1787e-006
5.1000e+001,-2.5772e-006
5.1100e+001,-2.6236e-006
5.1200e+001,-2.2996e-006
5.1300e+001,-2.1539e-006
5.1400e+001,-2.4169e-006
5.1500e+001,-2.6483e-006
5.1600e+001,-1.9696e-006
5.1700e+001,-2.2536e-006
5.1800e+001,-2.1223e-006
5.1900e+001,-2.7444e-006
5.2000e+001,-1.9738e-006
5.2100e+001,-2.2627e-006
5.2200e+001,-2.6673e-006
5.2300e+001,-2.3058e-006
5.2400e+001,-2.5683e-006
5.2500e+001,-2.7547e-006
5.2600e+001,-2.2784e-006
5.2700e+001,-2.3832e-006
5.2800e+001,-2.4331e-006
5.2900e+001,-3.1502e-006
5.3000e+001,-2.7739e-006
5.3100e+001,-2.6100e-006
5.3200e+001,-2.4214e-006
5.3300e+001,-2.7067e-006
5.3400e+001,-2.9408e-006
5.3500e+001,-2.0485e-006
5.3600e+001,-2.4506e-006
5.3700e+001,-2.2977e-006
5.3800e+001,-1.9218e-006
5.3900e+001,-2.4330e-006
5.4000e+001,-3.2173e-006
5.4100e+001,-2.4689e-006
5.4200e+001,-2.3054e-006
5.4300e+001,-2.9410e-006
5.4400e+001,-2.8337e-006
5.4500e+001,-2.1331e-006
5.4600e+001,-2.6862e-006
5.4700e+001,-2.8409e-006
5.4800e+001,-2.6131e-006
5.4900e+001,-2.4452e-006
5.5000e+001,-2.5017e-006
5.5100e+001,-2.1673e-006
5.5200e+001,-2.7079e-006
5.5300e+001,-2.4220e-006
5.5400e+001,-2.1115e-006
5.5500e+001,-3.1097e-006
5.5600e+001,-2.0412e-006
5.5700e+001,-2.6389e-006
5.5800e+001,-2.3994e-006
5.5900e+001,-2.8114e-006
5.6000e+001,-2.0409e-006
5.6100e+001,-2.5239e-006
5.6200e+001,-2.5817e-006
5.6300e+001,-2.0006e-006
5.6400e+001,-2.6673e-006
5.6500e+001,-2.9122e-006
5.6600e+001,-2.2545e-006
5.6700e+001,-2.0768e-006
5.6800e+001,-2.9928e-006
5.6900e+001,-2.4359e-006
5.7000e+001,-2.5572e-006
5.7100e+001,-2.3839e-006
5.7200e+001,-2.2525e-006
5.7300e+001,-2.7879e-006
5.7400e+001,-2.9915e-006
5.7500e+001,-2.4924e-006
5.7600e+001,-2.1784e-006
5.7700e+001,-2.4952e-006
5.7800e+001,-2.3283e-006
5.7900e+001,-2.3890e-006
5.8000e+001,-2.7185e-006
5.8100e+001,-2.4004e-006
5.8200e+001,-2.5624e-006
5.8300e+001,-2.0270e-006
5.8400e+001,-2.3288e-006
5.8500e+001,-2.4802e-006
5.8600e+001,-2.4855e-006
5.8700e+001,-2.4154e-006
5.8800e+001,-3.0529e-006
5.8900e+001,-2.3847e-006
5.9000e+001,-1.9174e-006
5.9100e+001,-2.4613e-006
5.9200e+001,-2.5108e-006
5.9300e+001,-2.1630e-006
5.9400e+001,-2.4656e-006
5.9500e+001,-2.6753e-006
5.9600e+001,-2.6486e-006
5.9700e+001,-2.5057e-006
5.9800e+001,-3.2900e-006
5.9900e+001,-2.1717e-006
6.0000e+001,-2.8539e-006
6.0100e+001,-2.2236e-006
6.0200e+001,-2.7888e-006
6.0300e+001,-2.4214e-006
6.0400e+001,-2.5802e-006
6.0500e+001,-2.7411e-006
6.0600e+001,-2.5687e-006
6.0700e+001,-2.3823e-006
6.0800e+001,-2.5826e-006
6.0900e+001,-2.4458e-006
6.1000e+001,-3.1946e-006
6.1100e+001,-2.2624e-006
6.1200e+001,-2.0754e-006
6.1300e+001,-2.4623e-006
6.1400e+001,-2.8130e-006
6.1500e+001,-2.2872e-006
6.1600e+001,-2.4337e-006
6.1700e+001,-3.0810e-006
6.1800e+001,-2.7268e-006
6.1900e+001,-2.5758e-006
6.2000e+001,-2.1292e-006
6.2100e+001,-2.8052e-006
6.2200e+001,-2.5909e-006
6.2300e+001,-2.7151e-006
6.2400e+001,-2.1356e-006
6.2500e+001,-2.2939e-006
6.2600e+001,-2.5004e-006
6.2700e+001,-2.8450e-006
6.2800e+001,-2.6866e-006
6.2900e+001,-2.4293e-006
6.3000e+001,-2.7367e-006
6.3100e+001,-2.7833e-006
6.3200e+001,-2.0314e-006
6.3300e+001,-2.1506e-006
6.3400e+001,-2.6579e-006
6.3500e+001,-2.4149e-006
6.3600e+001,-1.8792e-006
6.3700e+001,-2.5708e-006
6.3800e+001,-2.5880e-006
6.3900e+001,-2.7161e-006
6.4000e+001,-2.1706e-006
6.4100e+001,-2.4589e-006
6.4200e+001,-2.6335e-006
6.4300e+001,-2.5132e-006
6.4400e+001,-2.0214e-006
6.4500e+001,-2.3986e-006
6.4600e+001,-2.3532e-006
6.4700e+001,-2.5764e-006
6.4800e+001,-2.1114e-006
6.4900e+001,-2.1925e-006
6.5000e+001,-2.6029e-006
6.5100e+001,-2.4808e-006
6.5200e+001,-2.1838e-006
6.5300e+001,-2.1235e-006
6.5400e+001,-2.0273e-006
6.5500e+001,-2.2904e-006
6.5600e+001,-2.5278e-006
6.5700e+001,-2.5064e-006
6.5800e+001,-1.8810e-006
6.5900e+001,-2.6588e-006
6.6000e+001,-2.1119e-006
6.6100e+001,-2.6761e-006
6.6200e+001,-2.8090e-006
6.6300e+001,-2.2480e-006
6.6400e+001,-2.0513e-006
6.6500e+001,-2.5042e-006
6.6600e+001,-2.2313e-006
6.6700e+001,-2.1646e-006
6.6800e+001,-2.4388e-006
6.6900e+001,-2.3332e-006
6.7000e+001,-2.3065e-006
6.7100e+001,-2.4982e-006
6.7200e+001,-2.2954e-006
6.7300e+001,-2.9549e-006
6.7400e+001,-2.6198e-006
6.7500e+001,-2.4202e-006
6.7600e+001,-2.2697e-006
6.7700e+001,-2.2220e-006
6.7800e+001,-2.3852e-006
6.7900e+001,-2.2477e-006
6.8000e+001,-2.8023e-006
6.8100e+001,-2.1417e-006
6.8200e+001,-1.9587e-006
6.8300e+001,-2.1173e-006
6.8400e+001,-2.3830e-006
6.8500e+001,-3.0704e-006
6.8600e+001,-1.9073e-006
6.8700e+001,-1.8387e-006
6.8800e+001,-2.8763e-006
6.8900e+001,-2.3788e-006
6.9000e+001,-2.4888e-006
6.9100e+001,-1.9931e-006
6.9200e+001,-2.0209e-006
6.9300e+001,-2.5356e-006
6.9400e+001,-2.8109e-006
6.9500e+001,-2.2775e-006
6.9600e+001,-2.3423e-006
6.9700e+001,-3.0721e-006
6.9800e+001,-2.9827e-006
6.9900e+001,-2.1188e-006
7.0000e+001,-2.9036e-006
7.0100e+001,-2.3021e-006
7.0200e+001,-2.6945e-006
7.0300e+001,-2.6871e-006
7.0400e+001,-2.0182e-006
7.0500e+001,-1.8991e-006
7.0600e+001,-2.7293e-006
7.0700e+001,-2.6388e-006
7.0800e+001,-2.7573e-006
7.0900e+001,-2.6219e-006
7.1000e+001,-2.3765e-006
7.1100e+001,-2.8881e-006
7.1200e+001,-2.4192e-006
7.1300e+001,-2.1495e-006
7.1400e+001,-2.2158e-006
7.1500e+001,-2.8027e-006
7.1600e+001,-2.7004e-006
7.1700e+001,-2.1815e-006
7.1800e+001,-2.5512e-006
7.1900e+001,-2.3308e-006
7.2000e+001,-2.6657e-006
7.2100e+001,-2.4761e-006
7.2200e+001,-2.4623e-006
7.2300e+001,-2.6235e-006
7.2400e+001,-2.8858e-006
7.2500e+001,-2.3993e-006
7.2600e+001,-2.3398e-006
7.2700e+001,-2.3185e-006
7.2800e+001,-2.7668e-006
7.2900e+001,-2.4231e-006
7.3000e+001,-2.4137e-006
7.3100e+001,-2.5526e-006
7.3200e+001,-2.6279e-006
7.3300e+001,-2.4750e-006
7.3400e+001,-2.1760e-006
7.3500e+001,-2.3796e-006
7.3600e+001,-2.2943e-006
7.3700e+001,-2.8937e-006
7.3800e+001,-1.8978e-006
7.3900e+001,-2.8443e-006
7.4000e+001,-2.5125e-006
7.4100e+001,-2.3454e-006
7.4200e+001,-2.7832e-006
7.4300e+001,-2.2985e-006
7.4400e+001,-2.0011e-006
7.4500e+001,-2.3304e-006
7.4600e+001,-2.5543e-006
7.4700e+001,-2.1273e-006
7.4800e+001,-1.8234e-006
7.4900e+001,-2.3760e-006
7.5000e+001,-2.8181e-006
7.5100e+001,-2.6961e-006
7.5200e+001,-2.4468e-006
7.5300e+001,-2.7137e-006
7.5400e+001,-2.2114e-006
7.5500e+001,-2.5107e-006
7.5600e+001,-2.0012e-006
7.5700e+001,-2.2778e-006
7.5800e+001,-2.8157e-006
7.5900e+001,-2.3838e-006
7.6000e+001,-2.2631e-006
7.6100e+001,-2.3918e-006
7.6200e+001,-2.1490e-006
7.6300e+001,-2.7095e-006
7.6400e+001,-2.3885e-006
7.6500e+001,-1.9602e-006
7.6600e+001,-2.5586e-006
7.6700e+001,-2.0340e-006
7.6800e+001,-2.1700e-006
7.6900e+001,-2.6197e-006
7.7000e+001,-2.7793e-006
7.7100e+001,-2.5710e-006
7.7200e+001,-2.7172e-006
7.7300e+001,-2.2787e-006
7.7400e+001,-2.7757e-006
7.7500e+001,-2.4234e-006
7.7600e+001,-1.8641e-006
7.7700e+001,-2.1607e-006
7.7800e+001,-2.6876e-006
7.7900e+001,-2.4495e-006
7.8000e+001,-2.8868e-006
7.8100e+001,-2.2533e-006
7.8200e+001,-2.7393e-006
7.8300e+001,-2.3199e-006
7.8400e+001,-2.5830e-006
7.8500e+001,-2.5433e-006
7.8600e+001,-2.3204e-006
7.8700e+001,-2.1646e-006
7.8800e+001,-2.0203e-006
7.8900e+001,-2.5887e-006
7.9000e+001,-2.0373e-006
7.9100e+001,-2.3493e-006
7.9200e+001,-2.0421e-006
7.9300e+001,-2.0121e-006
7.9400e+001,-2.2294e-006
7.9500e+001,-2.4833e-006
7.9600e+001,-2.9690e-006
7.9700e+001,-2.6719e-006
7.9800e+001,-2.0278e-006
7.9900e+001,-2.1902e-006
8.0000e+001,-2.8463e-006
8.0100e+001,-2.0208e-006
8.0200e+001,-2.4205e-006
8.0300e+001,-2.0594e-006
8.0400e+001,-2.5250e-006
8.0500e+001,-2.2622e-006
8.0600e+001,-1.9569e-006
8.0700e+001,-2.4114e-006
8.0800e+001,-2.3293e-006
8.0900e+001,-2.2152e-006
8.1000e+001,-2.4326e-006
8.1100e+001,-2.5246e-006
8.1200e+001,-2.6550e-006
8.1300e+001,-2.4168e-006
8.1400e+001,-2.5251e-006
8.1500e+001,-2.7249e-006
8.1600e+001,-2.1527e-006
8.1700e+001,-2.0946e-006
8.1800e+001,-2.2616e-006
8.1900e+001,-2.5177e-006
8.2000e+001,-1.5970e-006
8.2100e+001,-2.1710e-006
8.2200e+001,-2.0891e-006
8.2300e+001,-2.0923e-006
8.2400e+001,-2.0376e-006
8.2500e+001,-2.6609e-006
8.2600e+001,-2.7663e-006
8.2700e+001,-2.2771e-006
8.2800e+001,-2.2330e-006
8.2900e+001,-2.2638e-006
8.3000e+001,-2.3825e-006
8.3100e+001,-2.2489e-006
8.3200e+001,-2.0913e-006
8.3300e+001,-2.3365e-006
8.3400e+001,-2.8593e-006
8.3500e+001,-2.5591e-006
8.3600e+001,-2.1129e-006
8.3700e+001,-1.9457e-006
8.3800e+001,-2.3901e-006
8.3900e+001,-2.3560e-006
8.4000e+001,-2.0296e-006
8.4100e+001,-2.4842e-006
8.4200e+001,-2.2557e-006
8.4300e+001,-2.7102e-006
8.4400e+001,-2.6101e-006
8.4500e+001,-2.2312e-006
8.4600e+001,-2.2976e-006
8.4700e+001,-2.2117e-006
8.4800e+001,-2.8027e-006
8.4900e+001,-2.2854e-006
8.5000e+001,-2.0617e-006
8.5100e+001,-2.1286e-006
8.5200e+001,-2.1876e-006
8.5300e+001,-2.5718e-006
8.5400e+001,-2.2768e-006
8.5500e+001,-2.3162e-006
8.5600e+001,-2.6137e-006
8.5700e+001,-3.0722e-006
8.5800e+001,-2.3208e-006
8.5900e+001,-2.9730e-006
8.6000e+001,-2.4260e-006
8.6100e+001,-2.0891e-006
8.6200e+001,-2.5536e-006
8.6300e+001,-2.5708e-006
8.6400e+001,-2.0764e-006
8.6500e+001,-2.6215e-006
8.6600e+001,-2.2514e-006
8.6700e+001,-2.5601e-006
8.6800e+001,-2.6457e-006
8.6900e+001,-1.9603e-006
8.7000e+001,-2.9731e-006
8.7100e+001,-2.8944e-006
8.7200e+001,-2.4390e-006
8.7300e+001,-2.1199e-006
8.7400e+001,-2.5880e-006
8.7500e+001,-2.3559e-006
8.7600e+001,-2.1501e-006
8.7700e+001,-2.3699e-006
8.7800e+001,-2.4383e-006
8.7900e+001,-2.7738e-006
8.8000e+001,-2.7008e-006
8.8100e+001,-2.4269e-006
8.8200e+001,-2.1351e-006
8.8300e+001,-1.7108e-006
8.8400e+001,-2.2334e-006
8.8500e+001,-2.5862e-006
8.8600e+001,-2.5695e-006
8.8700e+001,-2.5376e-006
8.8800e+001,-2.2922e-006
8.8900e+001,-2.7938e-006
8.9000e+001,-2.5580e-006
8.9100e+001,-2.5773e-006
8.9200e+001,-2.3050e-006
8.9300e+001,-2.8434e-006
8.9400e+001,-2.3319e-006
8.9500e+001,-2.8267e-006
8.9600e+001,-2.2949e-006
8.9700e+001,-1.9074e-006
8.9800e+001,-2.8335e-006
8.9900e+001,-2.7769e-006
9.0000e+001,-2.9793e-006
9.0100e+001,-2.5205e-006
9.0200e+001,-2.5810e-006
9.0300e+001,-2.8459e-006
9.0400e+001,-2.2504e-006
9.0500e+001,-2.6577e-006
9.0600e+001,-2.5644e-006
9.0700e+001,-2.1198e-006
9.0800e+001,-3.0256e-006
9.0900e+001,-2.0354e-006
9.1000e+001,-2.4111e-006
9.1100e+001,-2.5723e-006
9.1200e+001,-2.2606e-006
9.1300e+001,-2.3305e-006
9.1400e+001,-2.2811e-006
9.1500e+001,-2.2952e-006
9.1600e+001,-2.0549e-006
9.1700e+001,-2.4224e-006
9.1800e+001,-2.7146e-006
9.1900e+001,-2.2042e-006
9.2000e+001,-2.3032e-006
9.2100e+001,-2.4127e-006
9.2200e+001,-2.3870e-006
9.2300e+001,-2.5549e-006
9.2400e+001,-2.5911e-006
9.2500e+001,-2.9626e-006
9.2600e+001,-2.2678e-006
9.2700e+001,-2.4428e-006
9.2800e+001,-2.4326e-006
9.2900e+001,-1.7185e-006
9.3000e+001,-2.1720e-006
9.3100e+001,-2.4468e-006
9.3200e+001,-2.2466e-006
9.3300e+001,-2.7860e-006
9.3400e+001,-2.0493e-006
9.3500e+001,-3.3031e-006
9.3600e+001,-2.5723e-006
9.3700e+001,-2.4581e-006
9.3800e+001,-2.2480e-006
9.3900e+001,-2.5770e-006
9.4000e+001,-2.3054e-006
9.4100e+001,-2.6588e-006
9.4200e+001,-2.2775e-006
9.4300e+001,-2.5106e-006
9.4400e+001,-2.7795e-006
9.4500e+001,-2.4790e-006
9.4600e+001,-2.1917e-006
9.4700e+001,-2.9569e-006
9.4800e+001,-2.6966e-006
9.4900e+001,-2.6340e-006
9.5000e+001,-2.1917e-006
9.5100e+001,-2.1331e-006
9.5200e+001,-2.1810e-006
9.5300e+001,-1.8651e-006
9.5400e+001,-2.3963e-006
9.5500e+001,-2.8036e-006
9.5600e+001,-1.9093e-006
9.5700e+001,-2.1625e-006
9.5800e+001,-2.0900e-006
9.5900e+001,-2.7079e-006
9.6000e+001,-2.0064e-006
9.6100e+001,-1.8234e-006
9.6200e+001,-2.5814e-006
9.6300e+001,-2.8652e-006
9.6400e+001,-2.8107e-006
9.6500e+001,-1.9204e-006
9.6600e+001,-2.4323e-006
9.6700e+001,-2.4274e-006
9.6800e+001,-2.0553e-006
9.6900e+001,-2.4216e-006
9.7000e+001,-2.3396e-006
9.7100e+001,-1.9633e-006
9.7200e+001,-2.8385e-006
9.7300e+001,-1.7866e-006
9.7400e+001,-2.0545e-006
9.7500e+001,-2.2801e-006
9.7600e+001,-1.7691e-006
9.7700e+001,-2.5274e-006
9.7800e+001,-2.5712e-006
9.7900e+001,-2.8852e-006
9.8000e+001,-2.1336e-006
9.8100e+001,-2.1701e-006
9.8200e+001,-2.6406e-006
9.8300e+001,-2.6964e-006
9.8400e+001,-2.2010e-006
9.8500e+001,-2.5716e-006
9.8600e+001,-2.0478e-006
9.8700e+001,-2.5703e-006
9.8800e+001,-2.7865e-006
9.8900e+001,-1.9953e-006
9.9000e+001,-2.5390e-006
9.9100e+001,-2.4228e-006
9.9200e+001,-2.2174e-006
9.9300e+001,-2.1574e-006
9.9400e+001,-2.5495e-006
9.9500e+001,-2.2180e-006
9.9600e+001,-2.2731e-006
9.9700e+001,-2.2941e-006
9.9800e+001,-2.5108e-006
9.9900e+001,-2.5792e-006
1.0000e+002,-2.3847e-006
1.0010e+002,-2.6322e-006
1.0020e+002,-2.8110e-006
1.0030e+002,-2.6283e-006
1.0040e+002,-2.3911e-006
1.0050e+002,-2.4403e-006
1.0060e+002,-1.8117e-006
1.0070e+002,-2.6566e-006
1.0080e+002,-2.1359e-006
1.0090e+002,-2.0118e-006
1.0100e+002,-2.6568e-006
1.0110e+002,-2.5994e-006
1.0120e+002,-1.7889e-006
1.0130e+002,-1.7239e-006
1.0140e+002,-2.7782e-006
1.0150e+002,-2.3055e-006
1.0160e+002,-2.7548e-006
1.0170e+002,-2.5514e-006
1.0180e+002,-2.6555e-006
1.0190e+002,-3.0923e-006
1.0200e+002,-2.3849e-006
1.0210e+002,-2.1556e-006
1.0220e+002,-2.3103e-006
1.0230e+002,-2.3035e-006
1.0240e+002,-2.4336e-006
1.0250e+002,-2.7072e-006
1.0260e+002,-2.5446e-006
1.0270e+002,-2.7159e-006
1.0280e+002,-2.7965e-006
1.0290e+002,-1.8417e-006
1.0300e+002,-2.0302e-006
1.0310e+002,-2.3292e-006
1.0320e+002,-2.2911e-006
1.0330e+002,-2.4677e-006
1.0340e+002,-2.4408e-006
1.0350e+002,-2.1807e-006
1.0360e+002,-2.5601e-006
1.0370e+002,-2.8414e-006
1.0380e+002,-2.5721e-006
1.0390e+002,-2.5877e-006
1.0400e+002,-2.2800e-006
1.0410e+002,-1.9835e-006
1.0420e+002,-2.0008e-006
1.0430e+002,-2.4355e-006
1.0440e+002,-1.6059e-006
1.0450e+002,-2.7673e-006
1.0460e+002,-2.6872e-006
1.0470e+002,-2.8226e-006
1.0480e+002,-2.8409e-006
1.0490e+002,-2.1392e-006
1.0500e+002,-2.4005e-006
1.0510e+002,-2.1786e-006
1.0520e+002,-2.6809e-006
1.0530e+002,-2.3928e-006
1.0540e+002,-2.0619e-006
1.0550e+002,-2.6218e-006
1.0560e+002,-2.5358e-006
1.0570e+002,-2.0084e-006
1.0580e+002,-2.7195e-006
1.0590e+002,-2.4286e-006
1.0600e+002,-2.8385e-006
1.0610e+002,-2.3088e-006
1.0620e+002,-2.3046e-006
1.0630e+002,-2.1200e-006
1.0640e+002,-2.4551e-006
1.0650e+002,-2.5156e-006
1.0660e+002,-2.0159e-006
1.0670e+002,-2.8127e-006
1.0680e+002,-2.8456e-006
1.0690e+002,-2.3671e-006
1.0700e+002,-1.9876e-006
1.0710e+002,-2.7088e-006
1.0720e+002,-2.0903e-006
1.0730e+002,-2.3273e-006
1.0740e+002,-1.9120e-006
1.0750e+002,-2.3609e-006
1.0760e+002,-2.4364e-006
1.0770e+002,-2.7569e-006
1.0780e+002,-2.7125e-006
1.0790e+002,-2.3848e-006
1.0800e+002,-2.5249e-006
1.0810e+002,-2.6526e-006
1.0820e+002,-2.0755e-006
1.0830e+002,-2.0520e-006
1.0840e+002,-2.6969e-006
1.0850e+002,-2.6104e-006
1.0860e+002,-2.5921e-006
1.0870e+002,-2.6141e-006
1.0880e+002,-2.8348e-006
1.0890e+002,-2.9981e-006
1.0900e+002,-2.7565e-006
1.0910e+002,-2.9238e-006
1.0920e+002,-2.3205e-006
1.0930e+002,-2.5908e-006
1.0940e+002,-2.3283e-006
1.0950e+002,-2.7874e-006
1.0960e+002,-1.9770e-006
1.0970e+002,-3.2220e-006
1.0980e+002,-2.0311e-006
1.0990e+002,-2.8496e-006
1.1000e+002,-2.4582e-006
1.1010e+002,-2.5916e-006
1.1020e+002,-2.1551e-006
1.1030e+002,-2.9237e-006
1.1040e+002,-2.8415e-006
1.1050e+002,-2.2535e-006
1.1060e+002,-2.6765e-006
1.1070e+002,-2.9445e-006
1.1080e+002,-2.5294e-006
1.1090e+002,-3.2071e-006
1.1100e+002,-2.6479e-006
1.1110e+002,-2.7933e-006
1.1120e+002,-2.3830e-006
1.1130e+002,-2.7279e-006
1.1140e+002,-2.9313e-006
1.1150e+002,-2.3082e-006
1.1160e+002,-2.8506e-006
1.1170e+002,-2.5723e-006
1.1180e+002,-1.8589e-006
1.1190e+002,-2.4468e-006
1.1200e+002,-2.7573e-006
1.1210e+002,-2.0960e-006
1.1220e+002,-2.3283e-006
1.1230e+002,-2.5407e-006
1.1240e+002,-2.3792e-006
1.1250e+002,-2.3835e-006
1.1260e+002,-2.8292e-006
1.1270e+002,-2.3544e-006
1.1280e+002,-2.7697e-006
1.1290e+002,-2.3653e-006
1.1300e+002,-2.5022e-006
1.1310e+002,-2.5114e-006
1.1320e+002,-2.4385e-006
1.1330e+002,-2.8248e-006
1.1340e+002,-2.6669e-006
1.1350e+002,-2.5758e-006
1.1360e+002,-2.5043e-006
1.1370e+002,-2.5279e-006
1.1380e+002,-2.3560e-006
1.1390e+002,-2.5443e-006
1.1400e+002,-2.2025e-006
1.1410e+002,-2.8541e-006
1.1420e+002,-2.3935e-006
1.1430e+002,-2.3904e-006
1.1440e+002,-2.1164e-006
1.1450e+002,-2.6233e-006
1.1460e+002,-2.8201e-006
1.1470e+002,-2.6201e-006
1.1480e+002,-2.5769e-006
1.1490e+002,-2.8901e-006
1.1500e+002,-2.2557e-006
1.1510e+002,-2.7130e-006
1.1520e+002,-2.2555e-006
1.1530e+002,-2.8231e-006
1.1540e+002,-2.6971e-006
1.1550e+002,-2.4149e-006
1.1560e+002,-2.7951e-006
1.1570e+002,-2.4352e-006
1.1580e+002,-2.5281e-006
1.1590e+002,-2.5604e-006
1.1600e+002,-2.4682e-006
1.1610e+002,-2.6120e-006
1.1620e+002,-2.5273e-006
1.1630e+002,-2.6756e-006
1.1640e+002,-2.9716e-006
1.1650e+002,-2.0207e-006
1.1660e+002,-2.7718e-006
1.1670e+002,-2.8201e-006
1.1680e+002,-2.6491e-006
1.1690e+002,-1.9065e-006
1.1700e+002,-2.4341e-006
1.1710e+002,-2.7767e-006
1.1720e+002,-1.8534e-006
1.1730e+002,-2.3445e-006
1.1740e+002,-2.2822e-006
1.1750e+002,-2.1353e-006
1.1760e+002,-2.2534e-006
1.1770e+002,-2.7917e-006
1.1780e+002,-2.3021e-006
1.1790e+002,-2.9234e-006
1.1800e+002,-2.5861e-006
1.1810e+002,-1.4660e-006
1.1820e+002,-2.5833e-006
1.1830e+002,-2.5484e-006
1.1840e+002,-2.2554e-006
1.1850e+002,-3.2410e-006
1.1860e+002,-2.4304e-006
1.1870e+002,-2.2552e-006
1.1880e+002,-2.3898e-006
1.1890e+002,-2.9775e-006
1.1900e+002,-2.9503e-006
1.1910e+002,-2.5454e-006
1.1920e+002,-2.2640e-006
1.1930e+002,-2.6249e-006
1.1940e+002,-2.3516e-006
1.1950e+002,-2.8111e-006
1.1960e+002,-2.4367e-006
1.1970e+002,-2.6923e-006
1.1980e+002,-2.8541e-006
1.1990e+002,-2.4806e-006
1.2000e+002,-2.7134e-006
1.2010e+002,-2.4537e-006
1.2020e+002,-2.4749e-006
1.2030e+002,-2.6762e-006
1.2040e+002,-2.3894e-006
1.2050e+002,-3.2880e-006
1.2060e+002,-2.1119e-006
1.2070e+002,-2.4991e-006
1.2080e+002,-2.2465e-006
1.2090e+002,-2.7876e-006
1.2100e+002,-2.1538e-006
1.2110e+002,-2.0108e-006
1.2120e+002,-2.1130e-006
1.2130e+002,-2.4338e-006
1.2140e+002,-2.5231e-006
1.2150e+002,-3.0892e-006
1.2160e+002,-2.7290e-006
1.2170e+002,-2.4238e-006
1.2180e+002,-2.4118e-006
1.2190e+002,-2.2951e-006
1.2200e+002,-3.1807e-006
1.2210e+002,-1.8669e-006
1.2220e+002,-2.6286e-006
1.2230e+002,-2.7695e-006
1.2240e+002,-2.2541e-006
1.2250e+002,-1.9827e-006
1.2260e+002,-2.2623e-006
1.2270e+002,-2.8343e-006
1.2280e+002,-2.3960e-006
1.2290e+002,-2.2054e-006
1.2300e+002,-2.4826e-006
1.2310e+002,-3.0959e-006
1.2320e+002,-2.4949e-006
1.2330e+002,-2.5810e-006
1.2340e+002,-2.1237e-006
1.2350e+002,-2.4021e-006
1.2360e+002,-2.1693e-006
1.2370e+002,-2.6239e-006
1.2380e+002,-2.5936e-006
1.2390e+002,-2.4600e-006
1.2400e+002,-2.5379e-006
1.2410e+002,-2.3763e-006
1.2420e+002,-2.5649e-006
1.2430e+002,-2.1772e-006
1.2440e+002,-2.4029e-006
1.2450e+002,-2.7112e-006
1.2460e+002,-3.0553e-006
1.2470e+002,-4.1951e-006
1.2480e+002,-4.5492e-006
1.2490e+002,-3.8985e-006
1.2500e+002,-4.1575e-006
1.2510e+002,-4.6035e-006
1.2520e+002,-4.4083e-006
1.2530e+002,-4.2763e-006
1.2540e+002,-4.0112e-006
1.2550e+002,-4.2422e-006
1.2560e+002,-4.3327e-006
1.2570e+002,-4.6879e-006
1.2580e+002,-4.0154e-006

