Time(S),Raw_Current(A),Denoised_Current(A)
0.1,-3.1818e-06,-2.3654e-06
0.2,-2.3654e-06,-2.3654e-06
0.3,-2.9588e-06,-2.3654e-06
0.4,-2.2701e-06,-2.3654e-06
0.5,-2.0877e-06,-2.2701e-06
0.6,-2.4279e-06,-2.247e-06
0.7,-2.247e-06,-2.0877e-06
0.8,-1.7956e-06,-2.247e-06
0.9,-1.7486e-06,-2.247e-06
1.0,-2.2976e-06,-2.2976e-06
1.1,-2.5187e-06,-2.2976e-06
1.2,-2.7765e-06,-2.5187e-06
1.3,-1.8639e-06,-2.5688e-06
1.4,-2.6751e-06,-2.5688e-06
1.5,-2.5688e-06,-2.5688e-06
1.6,-2.3709e-06,-2.5688e-06
1.7,-2.757e-06,-2.5688e-06
1.8,-2.4638e-06,-2.4638e-06
1.9,-2.6352e-06,-2.4638e-06
2.0,-2.4282e-06,-2.4638e-06
2.1,-2.316e-06,-2.4669e-06
2.2,-2.4669e-06,-2.4282e-06
2.3,-2.5735e-06,-2.316e-06
2.4,-1.8829e-06,-2.4669e-06
2.5,-2.1e-06,-2.3594e-06
2.6,-2.6947e-06,-2.3594e-06
2.7,-2.3594e-06,-2.4031e-06
2.8,-2.4031e-06,-2.4031e-06
2.9,-2.554e-06,-2.3594e-06
3.0,-1.7013e-06,-2.4031e-06
3.1,-2.2958e-06,-2.554e-06
3.2,-2.9461e-06,-2.2958e-06
3.3,-2.5635e-06,-2.3671e-06
3.4,-2.1249e-06,-2.3671e-06
3.5,-2.3671e-06,-2.3671e-06
3.6,-2.2779e-06,-2.3671e-06
3.7,-2.8541e-06,-2.3671e-06
3.8,-2.4541e-06,-2.3045e-06
3.9,-2.3045e-06,-2.3226e-06
4.0,-2.2974e-06,-2.3045e-06
4.1,-2.3226e-06,-2.3045e-06
4.2,-2.1308e-06,-2.3062e-06
4.3,-2.3062e-06,-2.3062e-06
4.4,-3.2079e-06,-2.2235e-06
4.5,-2.2235e-06,-2.3062e-06
4.6,-2.1996e-06,-2.2235e-06
4.7,-2.8391e-06,-2.2235e-06
4.8,-2.1872e-06,-2.2606e-06
4.9,-2.4428e-06,-2.2606e-06
5.0,-2.2606e-06,-2.2206e-06
5.1,-1.7072e-06,-2.2206e-06
5.2,-2.2206e-06,-2.172e-06
5.3,-2.172e-06,-2.172e-06
5.4,-2.1319e-06,-2.1748e-06
5.5,-3.0825e-06,-2.1748e-06
5.6,-2.1748e-06,-2.1748e-06
5.7,-2.5353e-06,-2.5353e-06
5.8,-2.1317e-06,-2.1748e-06
5.9,-2.7833e-06,-2.5353e-06
6.0,-2.029e-06,-2.3911e-06
6.1,-2.8478e-06,-2.3911e-06
6.2,-2.3911e-06,-2.3222e-06
6.3,-1.5298e-06,-2.3222e-06
6.4,-2.3222e-06,-2.0857e-06
6.5,-2.0857e-06,-2.0857e-06
6.6,-1.9185e-06,-2.0857e-06
6.7,-2.1462e-06,-2.0857e-06
6.8,-1.5224e-06,-2.1462e-06
6.9,-2.2445e-06,-2.2154e-06
7.0,-2.4612e-06,-2.2445e-06
7.1,-2.2154e-06,-2.3428e-06
7.2,-2.3428e-06,-2.3428e-06
7.3,-2.3589e-06,-2.2154e-06
7.4,-1.9729e-06,-2.3428e-06
7.5,-2.1414e-06,-2.2543e-06
7.6,-2.8788e-06,-2.1414e-06
7.7,-2.2543e-06,-2.1818e-06
7.8,-2.0996e-06,-2.2455e-06
7.9,-2.1818e-06,-2.2455e-06
8.0,-2.2455e-06,-2.2455e-06
8.1,-2.3208e-06,-2.3208e-06
8.2,-2.4562e-06,-2.3208e-06
8.3,-3.1031e-06,-2.3208e-06
8.4,-2.2938e-06,-2.3097e-06
8.5,-2.3039e-06,-2.3039e-06
8.6,-2.3097e-06,-2.3039e-06
8.7,-2.2768e-06,-2.3039e-06
8.8,-2.3924e-06,-2.2768e-06
8.9,-2.1034e-06,-2.2768e-06
9.0,-2.2557e-06,-2.3924e-06
9.1,-2.5759e-06,-2.2557e-06
9.2,-2.5692e-06,-2.2557e-06
9.3,-1.9898e-06,-2.1247e-06
9.4,-2.1182e-06,-2.1247e-06
9.5,-2.1247e-06,-2.1247e-06
9.6,-2.6057e-06,-2.4297e-06
9.7,-2.4297e-06,-2.464e-06
9.8,-2.583e-06,-2.464e-06
9.9,-2.464e-06,-2.4297e-06
10.0,-2.1499e-06,-2.2995e-06
10.1,-2.1235e-06,-2.1659e-06
10.2,-2.2995e-06,-2.1499e-06
10.3,-2.1659e-06,-2.1257e-06
10.4,-2.1257e-06,-2.1659e-06
10.5,-2.1012e-06,-2.1257e-06
10.6,-2.2376e-06,-2.1257e-06
10.7,-1.7678e-06,-2.2376e-06
10.8,-2.3934e-06,-2.3153e-06
10.9,-2.3153e-06,-2.3934e-06
11.0,-2.6863e-06,-2.3934e-06
11.1,-2.5498e-06,-2.3153e-06
11.2,-2.1355e-06,-2.3456e-06
11.3,-1.7988e-06,-2.3456e-06
11.4,-2.3456e-06,-2.3456e-06
11.5,-2.452e-06,-2.3456e-06
11.6,-2.3759e-06,-2.3759e-06
11.7,-2.2972e-06,-2.452e-06
11.8,-2.7118e-06,-2.562e-06
11.9,-2.562e-06,-2.562e-06
12.0,-2.8045e-06,-2.562e-06
12.1,-2.3022e-06,-2.3022e-06
12.2,-2.1166e-06,-2.3022e-06
12.3,-1.923e-06,-2.3022e-06
12.4,-2.6936e-06,-2.4533e-06
12.5,-2.4533e-06,-2.4533e-06
12.6,-2.4826e-06,-2.4533e-06
12.7,-1.7898e-06,-2.3971e-06
12.8,-2.1143e-06,-2.3003e-06
12.9,-2.3971e-06,-2.3003e-06
13.0,-2.3003e-06,-2.306e-06
13.1,-2.306e-06,-2.306e-06
13.2,-2.3843e-06,-2.306e-06
13.3,-2.2996e-06,-2.3843e-06
13.4,-2.6599e-06,-2.5102e-06
13.5,-2.5102e-06,-2.5335e-06
13.6,-2.8195e-06,-2.5335e-06
13.7,-2.5335e-06,-2.5102e-06
13.8,-2.3388e-06,-2.5335e-06
13.9,-2.3046e-06,-2.3542e-06
14.0,-3.0043e-06,-2.3388e-06
14.1,-2.3542e-06,-2.3542e-06
14.2,-1.8906e-06,-2.3542e-06
14.3,-2.4237e-06,-2.3542e-06
14.4,-2.3079e-06,-2.3334e-06
14.5,-2.8034e-06,-2.3992e-06
14.6,-2.3334e-06,-2.3992e-06
14.7,-2.3992e-06,-2.4259e-06
14.8,-2.581e-06,-2.4259e-06
14.9,-2.4259e-06,-2.581e-06
15.0,-3.0945e-06,-2.581e-06
15.1,-2.7606e-06,-2.4259e-06
15.2,-1.9468e-06,-2.1341e-06
15.3,-2.1341e-06,-2.1341e-06
15.4,-1.9808e-06,-2.1341e-06
15.5,-2.3988e-06,-2.376e-06
15.6,-2.6683e-06,-2.3988e-06
15.7,-2.376e-06,-2.6683e-06
15.8,-2.8203e-06,-2.6717e-06
15.9,-2.6717e-06,-2.6717e-06
16.0,-3.0251e-06,-2.6717e-06
16.1,-2.1594e-06,-2.4276e-06
16.2,-2.4276e-06,-2.4276e-06
16.3,-2.2307e-06,-2.4276e-06
16.4,-2.4471e-06,-2.4334e-06
16.5,-2.6309e-06,-2.4334e-06
16.6,-2.4334e-06,-2.4471e-06
16.7,-1.7057e-06,-2.6309e-06
16.8,-2.6389e-06,-2.6389e-06
16.9,-2.8527e-06,-2.6389e-06
17.0,-2.8097e-06,-2.7587e-06
17.1,-2.3968e-06,-2.7587e-06
17.2,-2.7587e-06,-2.3968e-06
17.3,-2.3604e-06,-2.3604e-06
17.4,-2.1353e-06,-2.2267e-06
17.5,-1.7334e-06,-2.1593e-06
17.6,-2.2267e-06,-2.1353e-06
17.7,-2.1593e-06,-2.139e-06
17.8,-1.998e-06,-2.1593e-06
17.9,-2.139e-06,-2.1593e-06
18.0,-2.4945e-06,-2.1428e-06
18.1,-2.2686e-06,-2.2686e-06
18.2,-2.1428e-06,-2.4345e-06
18.3,-2.4345e-06,-2.302e-06
18.4,-2.7194e-06,-2.4345e-06
18.5,-2.302e-06,-2.5293e-06
18.6,-2.5293e-06,-2.5293e-06
18.7,-2.5366e-06,-2.5293e-06
18.8,-2.4664e-06,-2.5366e-06
18.9,-2.7593e-06,-2.5366e-06
19.0,-2.6753e-06,-2.469e-06
19.1,-2.1899e-06,-2.469e-06
19.2,-2.469e-06,-2.3202e-06
19.3,-2.3202e-06,-2.1899e-06
19.4,-2.0882e-06,-2.3202e-06
19.5,-2.117e-06,-2.117e-06
19.6,-2.6884e-06,-2.117e-06
19.7,-2.1169e-06,-2.117e-06
19.8,-2.2601e-06,-2.2601e-06
19.9,-2.0039e-06,-2.2601e-06
20.0,-2.9064e-06,-2.3242e-06
20.1,-2.6891e-06,-2.6514e-06
20.2,-2.3242e-06,-2.6514e-06
20.3,-2.6514e-06,-2.4349e-06
20.4,-2.4349e-06,-2.4349e-06
20.5,-2.0375e-06,-2.4349e-06
20.6,-2.7333e-06,-2.4349e-06
20.7,-1.9672e-06,-2.4623e-06
20.8,-2.4623e-06,-2.4623e-06
20.9,-2.8673e-06,-2.4623e-06
21.0,-2.0092e-06,-2.4623e-06
21.1,-2.5189e-06,-2.3308e-06
21.2,-2.3308e-06,-2.2818e-06
21.3,-2.2818e-06,-2.2818e-06
21.4,-1.9875e-06,-2.1767e-06
21.5,-2.1767e-06,-2.1767e-06
21.6,-1.9284e-06,-2.1767e-06
21.7,-2.3036e-06,-2.3036e-06
21.8,-2.4441e-06,-2.3187e-06
21.9,-2.3187e-06,-2.3187e-06
22.0,-2.426e-06,-2.3187e-06
22.1,-2.0222e-06,-2.1334e-06
22.2,-1.998e-06,-2.0708e-06
22.3,-2.1334e-06,-2.0708e-06
22.4,-2.0708e-06,-2.1334e-06
22.5,-2.4978e-06,-2.1334e-06
22.6,-2.1578e-06,-2.1578e-06
22.7,-2.0701e-06,-2.3901e-06
22.8,-2.3901e-06,-2.3901e-06
22.9,-2.6578e-06,-2.3901e-06
23.0,-2.4326e-06,-2.4326e-06
23.1,-2.1657e-06,-2.4345e-06
23.2,-2.4518e-06,-2.4326e-06
23.3,-2.4345e-06,-2.4345e-06
23.4,-2.1389e-06,-2.4345e-06
23.5,-2.8034e-06,-2.4341e-06
23.6,-2.4341e-06,-2.1389e-06
23.7,-2.0093e-06,-2.3047e-06
23.8,-1.6707e-06,-2.0369e-06
23.9,-2.3047e-06,-2.0369e-06
24.0,-2.0369e-06,-2.2449e-06
24.1,-2.2789e-06,-2.2625e-06
24.2,-2.2449e-06,-2.255e-06
24.3,-2.2625e-06,-2.2625e-06
24.4,-2.255e-06,-2.2625e-06
24.5,-2.5453e-06,-2.5453e-06
24.6,-2.7193e-06,-2.5453e-06
24.7,-2.5854e-06,-2.5854e-06
24.8,-1.9885e-06,-2.5854e-06
24.9,-2.713e-06,-2.5854e-06
25.0,-2.125e-06,-2.5188e-06
25.1,-2.7494e-06,-2.5188e-06
25.2,-2.5188e-06,-2.5188e-06
25.3,-2.4339e-06,-2.5188e-06
25.4,-3.0458e-06,-2.4597e-06
25.5,-2.3845e-06,-2.4597e-06
25.6,-2.4597e-06,-2.4597e-06
25.7,-2.5633e-06,-2.4597e-06
25.8,-2.2781e-06,-2.4597e-06
25.9,-2.5846e-06,-2.5633e-06
26.0,-2.248e-06,-2.5273e-06
26.1,-2.6836e-06,-2.5846e-06
26.2,-2.5273e-06,-2.5815e-06
26.3,-2.6117e-06,-2.6004e-06
26.4,-2.5815e-06,-2.5815e-06
26.5,-2.6004e-06,-2.5815e-06
26.6,-2.4376e-06,-2.5815e-06
26.7,-2.4656e-06,-2.4656e-06
26.8,-2.6293e-06,-2.4656e-06
26.9,-1.973e-06,-2.4656e-06
27.0,-2.6887e-06,-2.4225e-06
27.1,-2.4225e-06,-2.276e-06
27.2,-1.8523e-06,-2.276e-06
27.3,-2.276e-06,-2.276e-06
27.4,-1.9523e-06,-1.9901e-06
27.5,-2.4385e-06,-2.276e-06
27.6,-1.9901e-06,-2.4133e-06
27.7,-2.4133e-06,-2.4385e-06
27.8,-2.54e-06,-2.4133e-06
27.9,-2.6826e-06,-2.4133e-06
28.0,-2.3649e-06,-2.54e-06
28.1,-1.6948e-06,-2.6826e-06
28.2,-2.9549e-06,-2.8469e-06
28.3,-2.9545e-06,-2.9545e-06
28.4,-2.8469e-06,-2.9545e-06
28.5,-3.0562e-06,-2.8469e-06
28.6,-2.2212e-06,-2.6802e-06
28.7,-2.5462e-06,-2.5462e-06
28.8,-2.6802e-06,-2.2244e-06
28.9,-1.901e-06,-2.3552e-06
29.0,-2.2244e-06,-2.3552e-06
29.1,-2.3552e-06,-2.297e-06
29.2,-2.5928e-06,-2.3552e-06
29.3,-2.297e-06,-2.3552e-06
29.4,-2.4455e-06,-2.297e-06
29.5,-2.1266e-06,-2.297e-06
29.6,-1.8976e-06,-2.1266e-06
29.7,-2.3753e-06,-2.1266e-06
29.8,-2.0026e-06,-2.1916e-06
29.9,-2.4043e-06,-2.3753e-06
30.0,-2.1916e-06,-2.272e-06
30.1,-2.6961e-06,-2.4043e-06
30.2,-2.272e-06,-2.272e-06
30.3,-2.7201e-06,-2.272e-06
30.4,-1.8723e-06,-2.272e-06
30.5,-2.1542e-06,-2.6496e-06
30.6,-2.7596e-06,-2.367e-06
30.7,-2.6496e-06,-2.367e-06
30.8,-2.367e-06,-2.6496e-06
30.9,-2.1675e-06,-2.6136e-06
31.0,-3.0882e-06,-2.4454e-06
31.1,-2.6136e-06,-2.4539e-06
31.2,-2.4454e-06,-2.4539e-06
31.3,-2.4539e-06,-2.4539e-06
31.4,-2.3033e-06,-2.4539e-06
31.5,-2.5889e-06,-2.4854e-06
31.6,-2.5044e-06,-2.4854e-06
31.7,-2.4854e-06,-2.4854e-06
31.8,-2.4277e-06,-2.4328e-06
31.9,-2.1232e-06,-2.4328e-06
32.0,-2.4328e-06,-2.4277e-06
32.1,-2.4446e-06,-2.4328e-06
32.2,-2.1704e-06,-2.4446e-06
32.3,-2.6794e-06,-2.4446e-06
32.4,-2.4875e-06,-2.4875e-06
32.5,-2.3754e-06,-2.6794e-06
32.6,-2.7026e-06,-2.4875e-06
32.7,-2.7376e-06,-2.3754e-06
32.8,-2.1703e-06,-2.1914e-06
32.9,-2.1914e-06,-2.1914e-06
33.0,-2.0745e-06,-2.1914e-06
33.1,-2.2507e-06,-2.2507e-06
33.2,-2.6698e-06,-2.2788e-06
33.3,-2.5716e-06,-2.5716e-06
33.4,-2.2788e-06,-2.5716e-06
33.5,-2.7055e-06,-2.5716e-06
33.6,-2.2478e-06,-2.4577e-06
33.7,-2.7071e-06,-2.6647e-06
33.8,-2.4577e-06,-2.5743e-06
33.9,-2.6647e-06,-2.6099e-06
34.0,-2.5743e-06,-2.5743e-06
34.1,-2.6099e-06,-2.5743e-06
34.2,-2.2557e-06,-2.5655e-06
34.3,-2.5655e-06,-2.3604e-06
34.4,-1.9382e-06,-2.3604e-06
34.5,-2.3604e-06,-2.4939e-06
34.6,-2.4939e-06,-2.3604e-06
34.7,-2.7368e-06,-2.4939e-06
34.8,-1.7866e-06,-2.6564e-06
34.9,-2.6564e-06,-2.6564e-06
35.0,-2.6828e-06,-2.4401e-06
35.1,-2.1195e-06,-2.4401e-06
35.2,-2.4401e-06,-2.3842e-06
35.3,-2.3842e-06,-2.3063e-06
35.4,-2.3063e-06,-2.3842e-06
35.5,-2.1904e-06,-2.3063e-06
35.6,-2.5198e-06,-2.3063e-06
35.7,-2.3029e-06,-2.3029e-06
35.8,-3.0802e-06,-2.5198e-06
35.9,-2.2562e-06,-2.7269e-06
36.0,-2.7269e-06,-2.7269e-06
36.1,-2.8124e-06,-2.5708e-06
36.2,-2.5708e-06,-2.5708e-06
36.3,-2.1705e-06,-2.5697e-06
36.4,-2.4342e-06,-2.5697e-06
36.5,-2.5697e-06,-2.5697e-06
36.6,-3.1921e-06,-2.5833e-06
36.7,-2.5833e-06,-2.5833e-06
36.8,-2.5914e-06,-2.5914e-06
36.9,-2.0034e-06,-2.5833e-06
37.0,-3.0304e-06,-2.5162e-06
37.1,-2.0521e-06,-2.268e-06
37.2,-2.5162e-06,-2.4696e-06
37.3,-2.268e-06,-2.4696e-06
37.4,-2.4696e-06,-2.5162e-06
37.5,-2.5761e-06,-2.4696e-06
37.6,-2.6824e-06,-2.5665e-06
37.7,-2.1811e-06,-2.5665e-06
37.8,-2.5665e-06,-2.5665e-06
37.9,-2.3497e-06,-2.3497e-06
38.0,-2.9773e-06,-2.5665e-06
38.1,-2.1916e-06,-2.4341e-06
38.2,-2.7907e-06,-2.4411e-06
38.3,-2.4341e-06,-2.4411e-06
38.4,-2.4411e-06,-2.4871e-06
38.5,-2.4871e-06,-2.4411e-06
38.6,-2.528e-06,-2.4871e-06
38.7,-2.1128e-06,-2.528e-06
38.8,-2.5536e-06,-2.5536e-06
38.9,-2.8304e-06,-2.6572e-06
39.0,-2.7012e-06,-2.6572e-06
39.1,-2.6572e-06,-2.7012e-06
39.2,-2.5749e-06,-2.6572e-06
39.3,-2.7655e-06,-2.6572e-06
39.4,-2.3968e-06,-2.697e-06
39.5,-2.697e-06,-2.697e-06
39.6,-2.7064e-06,-2.697e-06
39.7,-2.3831e-06,-2.7064e-06
39.8,-3.0456e-06,-2.7064e-06
39.9,-2.833e-06,-2.3831e-06
40.0,-2.0223e-06,-2.1929e-06
40.1,-2.1929e-06,-2.1929e-06
40.2,-2.0197e-06,-2.0404e-06
40.3,-3.082e-06,-2.1929e-06
40.4,-2.0404e-06,-2.2619e-06
40.5,-2.2619e-06,-2.2817e-06
40.6,-2.4994e-06,-2.2817e-06
40.7,-2.2817e-06,-2.2817e-06
40.8,-2.7174e-06,-2.4994e-06
40.9,-2.1337e-06,-2.6473e-06
41.0,-2.661e-06,-2.6473e-06
41.1,-2.6473e-06,-2.6224e-06
41.2,-2.0866e-06,-2.6224e-06
41.3,-2.6224e-06,-2.2477e-06
41.4,-2.2477e-06,-2.2477e-06
41.5,-1.9443e-06,-2.2477e-06
41.6,-2.3525e-06,-2.2477e-06
41.7,-1.8109e-06,-2.3525e-06
41.8,-2.9248e-06,-2.3585e-06
41.9,-2.5538e-06,-2.3672e-06
42.0,-2.3585e-06,-2.3672e-06
42.1,-2.3672e-06,-2.3672e-06
42.2,-2.1491e-06,-2.3585e-06
42.3,-2.5266e-06,-2.3672e-06
42.4,-2.1341e-06,-2.2117e-06
42.5,-2.6535e-06,-2.2537e-06
42.6,-2.2117e-06,-2.2537e-06
42.7,-2.2537e-06,-2.2888e-06
42.8,-2.9399e-06,-2.2888e-06
42.9,-2.2888e-06,-2.5603e-06
43.0,-2.6688e-06,-2.5603e-06
43.1,-2.5603e-06,-2.5603e-06
43.2,-2.1628e-06,-2.6688e-06
43.3,-3.0639e-06,-2.5603e-06
43.4,-3.1373e-06,-2.7575e-06
43.5,-2.2327e-06,-2.7575e-06
43.6,-2.7575e-06,-2.4567e-06
43.7,-2.4567e-06,-2.4567e-06
43.8,-2.2909e-06,-2.4567e-06
43.9,-2.4607e-06,-2.4567e-06
44.0,-1.6599e-06,-2.3951e-06
44.1,-2.6858e-06,-2.4607e-06
44.2,-2.3951e-06,-2.5202e-06
44.3,-2.5812e-06,-2.5784e-06
44.4,-2.5202e-06,-2.5784e-06
44.5,-2.5784e-06,-2.5784e-06
44.6,-2.6017e-06,-2.5202e-06
44.7,-2.3124e-06,-2.512e-06
44.8,-2.512e-06,-2.512e-06
44.9,-2.2475e-06,-2.512e-06
45.0,-2.8466e-06,-2.8017e-06
45.1,-2.8017e-06,-2.8017e-06
45.2,-2.8369e-06,-2.8017e-06
45.3,-2.4879e-06,-2.4879e-06
45.4,-2.1156e-06,-2.4879e-06
45.5,-1.8291e-06,-2.4879e-06
45.6,-3.1658e-06,-2.7213e-06
45.7,-2.9751e-06,-2.9387e-06
45.8,-2.7213e-06,-2.9387e-06
45.9,-2.9387e-06,-2.7213e-06
46.0,-2.5675e-06,-2.707e-06
46.1,-2.707e-06,-2.5675e-06
46.2,-2.4544e-06,-2.4544e-06
46.3,-2.2394e-06,-2.2772e-06
46.4,-1.9032e-06,-2.2394e-06
46.5,-2.2772e-06,-2.2394e-06
46.6,-2.0195e-06,-2.2772e-06
46.7,-2.6656e-06,-2.4411e-06
46.8,-2.7364e-06,-2.6232e-06
46.9,-2.4411e-06,-2.6656e-06
47.0,-2.6232e-06,-2.7008e-06
47.1,-2.7008e-06,-2.7008e-06
47.2,-2.8405e-06,-2.7008e-06
47.3,-2.7184e-06,-2.7008e-06
47.4,-2.3554e-06,-2.5776e-06
47.5,-2.5776e-06,-2.5277e-06
47.6,-2.5277e-06,-2.4146e-06
47.7,-2.4146e-06,-2.5277e-06
47.8,-2.3659e-06,-2.5277e-06
47.9,-2.7018e-06,-2.4146e-06
48.0,-2.6859e-06,-2.6859e-06
48.1,-2.1419e-06,-2.6859e-06
48.2,-2.8202e-06,-2.6087e-06
48.3,-2.6087e-06,-2.5921e-06
48.4,-2.5921e-06,-2.5921e-06
48.5,-2.385e-06,-2.385e-06
48.6,-2.3206e-06,-2.385e-06
48.7,-2.0116e-06,-2.3206e-06
48.8,-2.8274e-06,-2.3206e-06
48.9,-2.2768e-06,-2.3514e-06
49.0,-2.3514e-06,-2.5428e-06
49.1,-2.5428e-06,-2.3514e-06
49.2,-2.7969e-06,-2.5354e-06
49.3,-2.1199e-06,-2.5428e-06
49.4,-2.5354e-06,-2.5887e-06
49.5,-2.5887e-06,-2.5354e-06
49.6,-2.6565e-06,-2.5354e-06
49.7,-2.4657e-06,-2.4657e-06
49.8,-1.8357e-06,-2.4657e-06
49.9,-2.3095e-06,-2.3095e-06
50.0,-2.6894e-06,-2.3095e-06
50.1,-2.3091e-06,-2.3095e-06
50.2,-2.5456e-06,-2.3091e-06
50.3,-1.9385e-06,-2.3091e-06
50.4,-2.285e-06,-2.285e-06
50.5,-2.8119e-06,-2.2652e-06
50.6,-2.2652e-06,-2.285e-06
50.7,-2.253e-06,-2.2652e-06
50.8,-2.2951e-06,-2.2652e-06
50.9,-2.1787e-06,-2.2951e-06
51.0,-2.5772e-06,-2.2996e-06
51.1,-2.6236e-06,-2.2996e-06
51.2,-2.2996e-06,-2.4169e-06
51.3,-2.1539e-06,-2.4169e-06
51.4,-2.4169e-06,-2.2996e-06
51.5,-2.6483e-06,-2.2536e-06
51.6,-1.9696e-06,-2.2536e-06
51.7,-2.2536e-06,-2.2536e-06
51.8,-2.1223e-06,-2.1223e-06
51.9,-2.7444e-06,-2.2536e-06
52.0,-1.9738e-06,-2.2627e-06
52.1,-2.2627e-06,-2.3058e-06
52.2,-2.6673e-06,-2.3058e-06
52.3,-2.3058e-06,-2.5683e-06
52.4,-2.5683e-06,-2.5683e-06
52.5,-2.7547e-06,-2.3832e-06
52.6,-2.2784e-06,-2.4331e-06
52.7,-2.3832e-06,-2.4331e-06
52.8,-2.4331e-06,-2.4331e-06
52.9,-3.1502e-06,-2.61e-06
53.0,-2.7739e-06,-2.61e-06
53.1,-2.61e-06,-2.7067e-06
53.2,-2.4214e-06,-2.7067e-06
53.3,-2.7067e-06,-2.61e-06
53.4,-2.9408e-06,-2.4506e-06
53.5,-2.0485e-06,-2.4506e-06
53.6,-2.4506e-06,-2.2977e-06
53.7,-2.2977e-06,-2.2977e-06
53.8,-1.9218e-06,-2.433e-06
53.9,-2.433e-06,-2.433e-06
54.0,-3.2173e-06,-2.433e-06
54.1,-2.4689e-06,-2.4689e-06
54.2,-2.3054e-06,-2.8337e-06
54.3,-2.941e-06,-2.4689e-06
54.4,-2.8337e-06,-2.6862e-06
54.5,-2.1331e-06,-2.8337e-06
54.6,-2.6862e-06,-2.6862e-06
54.7,-2.8409e-06,-2.6131e-06
54.8,-2.6131e-06,-2.6131e-06
54.9,-2.4452e-06,-2.5017e-06
55.0,-2.5017e-06,-2.5017e-06
55.1,-2.1673e-06,-2.4452e-06
55.2,-2.7079e-06,-2.422e-06
55.3,-2.422e-06,-2.422e-06
55.4,-2.1115e-06,-2.422e-06
55.5,-3.1097e-06,-2.422e-06
55.6,-2.0412e-06,-2.3994e-06
55.7,-2.6389e-06,-2.6389e-06
55.8,-2.3994e-06,-2.3994e-06
55.9,-2.8114e-06,-2.5239e-06
56.0,-2.0409e-06,-2.5239e-06
56.1,-2.5239e-06,-2.5239e-06
56.2,-2.5817e-06,-2.5239e-06
56.3,-2.0006e-06,-2.5817e-06
56.4,-2.6673e-06,-2.5817e-06
56.5,-2.9122e-06,-2.2545e-06
56.6,-2.2545e-06,-2.6673e-06
56.7,-2.0768e-06,-2.4359e-06
56.8,-2.9928e-06,-2.4359e-06
56.9,-2.4359e-06,-2.4359e-06
57.0,-2.5572e-06,-2.4359e-06
57.1,-2.3839e-06,-2.4359e-06
57.2,-2.2525e-06,-2.5572e-06
57.3,-2.7879e-06,-2.4924e-06
57.4,-2.9915e-06,-2.4924e-06
57.5,-2.4924e-06,-2.4952e-06
57.6,-2.1784e-06,-2.4924e-06
57.7,-2.4952e-06,-2.389e-06
57.8,-2.3283e-06,-2.389e-06
57.9,-2.389e-06,-2.4004e-06
58.0,-2.7185e-06,-2.4004e-06
58.1,-2.4004e-06,-2.4004e-06
58.2,-2.5624e-06,-2.4004e-06
58.3,-2.027e-06,-2.4004e-06
58.4,-2.3288e-06,-2.4802e-06
58.5,-2.4802e-06,-2.4154e-06
58.6,-2.4855e-06,-2.4802e-06
58.7,-2.4154e-06,-2.4802e-06
58.8,-3.0529e-06,-2.4154e-06
58.9,-2.3847e-06,-2.4154e-06
59.0,-1.9174e-06,-2.4613e-06
59.1,-2.4613e-06,-2.3847e-06
59.2,-2.5108e-06,-2.4613e-06
59.3,-2.163e-06,-2.4656e-06
59.4,-2.4656e-06,-2.5108e-06
59.5,-2.6753e-06,-2.5057e-06
59.6,-2.6486e-06,-2.6486e-06
59.7,-2.5057e-06,-2.6486e-06
59.8,-3.29e-06,-2.6486e-06
59.9,-2.1717e-06,-2.5057e-06
60.0,-2.8539e-06,-2.7888e-06
60.1,-2.2236e-06,-2.4214e-06
60.2,-2.7888e-06,-2.5802e-06
60.3,-2.4214e-06,-2.5802e-06
60.4,-2.5802e-06,-2.5802e-06
60.5,-2.7411e-06,-2.5687e-06
60.6,-2.5687e-06,-2.5802e-06
60.7,-2.3823e-06,-2.5687e-06
60.8,-2.5826e-06,-2.5687e-06
60.9,-2.4458e-06,-2.4458e-06
61.0,-3.1946e-06,-2.4458e-06
61.1,-2.2624e-06,-2.4458e-06
61.2,-2.0754e-06,-2.4623e-06
61.3,-2.4623e-06,-2.2872e-06
61.4,-2.813e-06,-2.4337e-06
61.5,-2.2872e-06,-2.4623e-06
61.6,-2.4337e-06,-2.7268e-06
61.7,-3.081e-06,-2.5758e-06
61.8,-2.7268e-06,-2.5758e-06
61.9,-2.5758e-06,-2.7268e-06
62.0,-2.1292e-06,-2.5909e-06
62.1,-2.8052e-06,-2.5909e-06
62.2,-2.5909e-06,-2.5909e-06
62.3,-2.7151e-06,-2.5909e-06
62.4,-2.1356e-06,-2.5004e-06
62.5,-2.2939e-06,-2.5004e-06
62.6,-2.5004e-06,-2.5004e-06
62.7,-2.845e-06,-2.5004e-06
62.8,-2.6866e-06,-2.6866e-06
62.9,-2.4293e-06,-2.7367e-06
63.0,-2.7367e-06,-2.6866e-06
63.1,-2.7833e-06,-2.4293e-06
63.2,-2.0314e-06,-2.6579e-06
63.3,-2.1506e-06,-2.4149e-06
63.4,-2.6579e-06,-2.1506e-06
63.5,-2.4149e-06,-2.4149e-06
63.6,-1.8792e-06,-2.5708e-06
63.7,-2.5708e-06,-2.5708e-06
63.8,-2.588e-06,-2.5708e-06
63.9,-2.7161e-06,-2.5708e-06
64.0,-2.1706e-06,-2.588e-06
64.1,-2.4589e-06,-2.5132e-06
64.2,-2.6335e-06,-2.4589e-06
64.3,-2.5132e-06,-2.4589e-06
64.4,-2.0214e-06,-2.3986e-06
64.5,-2.3986e-06,-2.3986e-06
64.6,-2.3532e-06,-2.3532e-06
64.7,-2.5764e-06,-2.3532e-06
64.8,-2.1114e-06,-2.3532e-06
64.9,-2.1925e-06,-2.4808e-06
65.0,-2.6029e-06,-2.1925e-06
65.1,-2.4808e-06,-2.1925e-06
65.2,-2.1838e-06,-2.1838e-06
65.3,-2.1235e-06,-2.1838e-06
65.4,-2.0273e-06,-2.1838e-06
65.5,-2.2904e-06,-2.2904e-06
65.6,-2.5278e-06,-2.2904e-06
65.7,-2.5064e-06,-2.5064e-06
65.8,-1.881e-06,-2.5064e-06
65.9,-2.6588e-06,-2.5064e-06
66.0,-2.1119e-06,-2.6588e-06
66.1,-2.6761e-06,-2.6588e-06
66.2,-2.809e-06,-2.248e-06
66.3,-2.248e-06,-2.5042e-06
66.4,-2.0513e-06,-2.248e-06
66.5,-2.5042e-06,-2.2313e-06
66.6,-2.2313e-06,-2.2313e-06
66.7,-2.1646e-06,-2.3332e-06
66.8,-2.4388e-06,-2.3065e-06
66.9,-2.3332e-06,-2.3332e-06
67.0,-2.3065e-06,-2.3332e-06
67.1,-2.4982e-06,-2.3332e-06
67.2,-2.2954e-06,-2.4982e-06
67.3,-2.9549e-06,-2.4982e-06
67.4,-2.6198e-06,-2.4202e-06
67.5,-2.4202e-06,-2.4202e-06
67.6,-2.2697e-06,-2.3852e-06
67.7,-2.222e-06,-2.2697e-06
67.8,-2.3852e-06,-2.2697e-06
67.9,-2.2477e-06,-2.2477e-06
68.0,-2.8023e-06,-2.2477e-06
68.1,-2.1417e-06,-2.1417e-06
68.2,-1.9587e-06,-2.1417e-06
68.3,-2.1173e-06,-2.1417e-06
68.4,-2.383e-06,-2.1173e-06
68.5,-3.0704e-06,-2.1173e-06
68.6,-1.9073e-06,-2.383e-06
68.7,-1.8387e-06,-2.3788e-06
68.8,-2.8763e-06,-2.3788e-06
68.9,-2.3788e-06,-2.3788e-06
69.0,-2.4888e-06,-2.3788e-06
69.1,-1.9931e-06,-2.3788e-06
69.2,-2.0209e-06,-2.4888e-06
69.3,-2.5356e-06,-2.2775e-06
69.4,-2.8109e-06,-2.3423e-06
69.5,-2.2775e-06,-2.5356e-06
69.6,-2.3423e-06,-2.8109e-06
69.7,-3.0721e-06,-2.3423e-06
69.8,-2.9827e-06,-2.9036e-06
69.9,-2.1188e-06,-2.9036e-06
70.0,-2.9036e-06,-2.6945e-06
70.1,-2.3021e-06,-2.6871e-06
70.2,-2.6945e-06,-2.6871e-06
70.3,-2.6871e-06,-2.3021e-06
70.4,-2.0182e-06,-2.6871e-06
70.5,-1.8991e-06,-2.6388e-06
70.6,-2.7293e-06,-2.6388e-06
70.7,-2.6388e-06,-2.6388e-06
70.8,-2.7573e-06,-2.6388e-06
70.9,-2.6219e-06,-2.6388e-06
71.0,-2.3765e-06,-2.6219e-06
71.1,-2.8881e-06,-2.4192e-06
71.2,-2.4192e-06,-2.3765e-06
71.3,-2.1495e-06,-2.4192e-06
71.4,-2.2158e-06,-2.4192e-06
71.5,-2.8027e-06,-2.2158e-06
71.6,-2.7004e-06,-2.5512e-06
71.7,-2.1815e-06,-2.5512e-06
71.8,-2.5512e-06,-2.5512e-06
71.9,-2.3308e-06,-2.4761e-06
72.0,-2.6657e-06,-2.4761e-06
72.1,-2.4761e-06,-2.4761e-06
72.2,-2.4623e-06,-2.6235e-06
72.3,-2.6235e-06,-2.4761e-06
72.4,-2.8858e-06,-2.4623e-06
72.5,-2.3993e-06,-2.3993e-06
72.6,-2.3398e-06,-2.3993e-06
72.7,-2.3185e-06,-2.3993e-06
72.8,-2.7668e-06,-2.4137e-06
72.9,-2.4231e-06,-2.4231e-06
73.0,-2.4137e-06,-2.5526e-06
73.1,-2.5526e-06,-2.475e-06
73.2,-2.6279e-06,-2.475e-06
73.3,-2.475e-06,-2.475e-06
73.4,-2.176e-06,-2.3796e-06
73.5,-2.3796e-06,-2.3796e-06
73.6,-2.2943e-06,-2.2943e-06
73.7,-2.8937e-06,-2.3796e-06
73.8,-1.8978e-06,-2.5125e-06
73.9,-2.8443e-06,-2.5125e-06
74.0,-2.5125e-06,-2.5125e-06
74.1,-2.3454e-06,-2.5125e-06
74.2,-2.7832e-06,-2.3454e-06
74.3,-2.2985e-06,-2.3304e-06
74.4,-2.0011e-06,-2.3304e-06
74.5,-2.3304e-06,-2.2985e-06
74.6,-2.5543e-06,-2.1273e-06
74.7,-2.1273e-06,-2.3304e-06
74.8,-1.8234e-06,-2.376e-06
74.9,-2.376e-06,-2.376e-06
75.0,-2.8181e-06,-2.4468e-06
75.1,-2.6961e-06,-2.6961e-06
75.2,-2.4468e-06,-2.6961e-06
75.3,-2.7137e-06,-2.5107e-06
75.4,-2.2114e-06,-2.4468e-06
75.5,-2.5107e-06,-2.2778e-06
75.6,-2.0012e-06,-2.2778e-06
75.7,-2.2778e-06,-2.3838e-06
75.8,-2.8157e-06,-2.2778e-06
75.9,-2.3838e-06,-2.3838e-06
76.0,-2.2631e-06,-2.3838e-06
76.1,-2.3918e-06,-2.3838e-06
76.2,-2.149e-06,-2.3885e-06
76.3,-2.7095e-06,-2.3885e-06
76.4,-2.3885e-06,-2.3885e-06
76.5,-1.9602e-06,-2.3885e-06
76.6,-2.5586e-06,-2.17e-06
76.7,-2.034e-06,-2.17e-06
76.8,-2.17e-06,-2.5586e-06
76.9,-2.6197e-06,-2.571e-06
77.0,-2.7793e-06,-2.6197e-06
77.1,-2.571e-06,-2.6197e-06
77.2,-2.7172e-06,-2.7172e-06
77.3,-2.2787e-06,-2.571e-06
77.4,-2.7757e-06,-2.4234e-06
77.5,-2.4234e-06,-2.2787e-06
77.6,-1.8641e-06,-2.4234e-06
77.7,-2.1607e-06,-2.4234e-06
77.8,-2.6876e-06,-2.4495e-06
77.9,-2.4495e-06,-2.4495e-06
78.0,-2.8868e-06,-2.6876e-06
78.1,-2.2533e-06,-2.4495e-06
78.2,-2.7393e-06,-2.583e-06
78.3,-2.3199e-06,-2.5433e-06
78.4,-2.583e-06,-2.5433e-06
78.5,-2.5433e-06,-2.3204e-06
78.6,-2.3204e-06,-2.3204e-06
78.7,-2.1646e-06,-2.3204e-06
78.8,-2.0203e-06,-2.1646e-06
78.9,-2.5887e-06,-2.1646e-06
79.0,-2.0373e-06,-2.0421e-06
79.1,-2.3493e-06,-2.0421e-06
79.2,-2.0421e-06,-2.0421e-06
79.3,-2.0121e-06,-2.2294e-06
79.4,-2.2294e-06,-2.2294e-06
79.5,-2.4833e-06,-2.4833e-06
79.6,-2.969e-06,-2.4833e-06
79.7,-2.6719e-06,-2.4833e-06
79.8,-2.0278e-06,-2.6719e-06
79.9,-2.1902e-06,-2.1902e-06
80.0,-2.8463e-06,-2.1902e-06
80.1,-2.0208e-06,-2.1902e-06
80.2,-2.4205e-06,-2.4205e-06
80.3,-2.0594e-06,-2.2622e-06
80.4,-2.525e-06,-2.2622e-06
80.5,-2.2622e-06,-2.2622e-06
80.6,-1.9569e-06,-2.3293e-06
80.7,-2.4114e-06,-2.2622e-06
80.8,-2.3293e-06,-2.3293e-06
80.9,-2.2152e-06,-2.4114e-06
81.0,-2.4326e-06,-2.4326e-06
81.1,-2.5246e-06,-2.4326e-06
81.2,-2.655e-06,-2.5246e-06
81.3,-2.4168e-06,-2.5251e-06
81.4,-2.5251e-06,-2.5251e-06
81.5,-2.7249e-06,-2.4168e-06
81.6,-2.1527e-06,-2.2616e-06
81.7,-2.0946e-06,-2.2616e-06
81.8,-2.2616e-06,-2.1527e-06
81.9,-2.5177e-06,-2.171e-06
82.0,-1.597e-06,-2.171e-06
82.1,-2.171e-06,-2.0923e-06
82.2,-2.0891e-06,-2.0891e-06
82.3,-2.0923e-06,-2.0923e-06
82.4,-2.0376e-06,-2.0923e-06
82.5,-2.6609e-06,-2.2771e-06
82.6,-2.7663e-06,-2.2771e-06
82.7,-2.2771e-06,-2.2771e-06
82.8,-2.233e-06,-2.2771e-06
82.9,-2.2638e-06,-2.2638e-06
83.0,-2.3825e-06,-2.2489e-06
83.1,-2.2489e-06,-2.2638e-06
83.2,-2.0913e-06,-2.3365e-06
83.3,-2.3365e-06,-2.3365e-06
83.4,-2.8593e-06,-2.3365e-06
83.5,-2.5591e-06,-2.3365e-06
83.6,-2.1129e-06,-2.3901e-06
83.7,-1.9457e-06,-2.356e-06
83.8,-2.3901e-06,-2.1129e-06
83.9,-2.356e-06,-2.356e-06
84.0,-2.0296e-06,-2.356e-06
84.1,-2.4842e-06,-2.356e-06
84.2,-2.2557e-06,-2.4842e-06
84.3,-2.7102e-06,-2.4842e-06
84.4,-2.6101e-06,-2.2976e-06
84.5,-2.2312e-06,-2.2976e-06
84.6,-2.2976e-06,-2.2976e-06
84.7,-2.2117e-06,-2.2854e-06
84.8,-2.8027e-06,-2.2854e-06
84.9,-2.2854e-06,-2.2117e-06
85.0,-2.0617e-06,-2.1876e-06
85.1,-2.1286e-06,-2.1876e-06
85.2,-2.1876e-06,-2.1876e-06
85.3,-2.5718e-06,-2.2768e-06
85.4,-2.2768e-06,-2.3162e-06
85.5,-2.3162e-06,-2.5718e-06
85.6,-2.6137e-06,-2.3208e-06
85.7,-3.0722e-06,-2.6137e-06
85.8,-2.3208e-06,-2.6137e-06
85.9,-2.973e-06,-2.426e-06
86.0,-2.426e-06,-2.426e-06
86.1,-2.0891e-06,-2.5536e-06
86.2,-2.5536e-06,-2.426e-06
86.3,-2.5708e-06,-2.5536e-06
86.4,-2.0764e-06,-2.5536e-06
86.5,-2.6215e-06,-2.5601e-06
86.6,-2.2514e-06,-2.5601e-06
86.7,-2.5601e-06,-2.5601e-06
86.8,-2.6457e-06,-2.5601e-06
86.9,-1.9603e-06,-2.6457e-06
87.0,-2.9731e-06,-2.6457e-06
87.1,-2.8944e-06,-2.439e-06
87.2,-2.439e-06,-2.588e-06
87.3,-2.1199e-06,-2.439e-06
87.4,-2.588e-06,-2.3559e-06
87.5,-2.3559e-06,-2.3559e-06
87.6,-2.1501e-06,-2.3699e-06
87.7,-2.3699e-06,-2.3699e-06
87.8,-2.4383e-06,-2.4383e-06
87.9,-2.7738e-06,-2.4383e-06
88.0,-2.7008e-06,-2.4383e-06
88.1,-2.4269e-06,-2.4269e-06
88.2,-2.1351e-06,-2.2334e-06
88.3,-1.7108e-06,-2.2334e-06
88.4,-2.2334e-06,-2.2334e-06
88.5,-2.5862e-06,-2.5376e-06
88.6,-2.5695e-06,-2.5376e-06
88.7,-2.5376e-06,-2.5695e-06
88.8,-2.2922e-06,-2.558e-06
88.9,-2.7938e-06,-2.558e-06
89.0,-2.558e-06,-2.558e-06
89.1,-2.5773e-06,-2.5773e-06
89.2,-2.305e-06,-2.558e-06
89.3,-2.8434e-06,-2.5773e-06
89.4,-2.3319e-06,-2.3319e-06
89.5,-2.8267e-06,-2.3319e-06
89.6,-2.2949e-06,-2.3319e-06
89.7,-1.9074e-06,-2.7769e-06
89.8,-2.8335e-06,-2.7769e-06
89.9,-2.7769e-06,-2.7769e-06
90.0,-2.9793e-06,-2.7769e-06
90.1,-2.5205e-06,-2.7769e-06
90.2,-2.581e-06,-2.581e-06
90.3,-2.8459e-06,-2.581e-06
90.4,-2.2504e-06,-2.581e-06
90.5,-2.6577e-06,-2.5644e-06
90.6,-2.5644e-06,-2.5644e-06
90.7,-2.1198e-06,-2.5644e-06
90.8,-3.0256e-06,-2.4111e-06
90.9,-2.0354e-06,-2.4111e-06
91.0,-2.4111e-06,-2.4111e-06
91.1,-2.5723e-06,-2.3305e-06
91.2,-2.2606e-06,-2.3305e-06
91.3,-2.3305e-06,-2.2952e-06
91.4,-2.2811e-06,-2.2811e-06
91.5,-2.2952e-06,-2.2952e-06
91.6,-2.0549e-06,-2.2952e-06
91.7,-2.4224e-06,-2.2952e-06
91.8,-2.7146e-06,-2.3032e-06
91.9,-2.2042e-06,-2.4127e-06
92.0,-2.3032e-06,-2.387e-06
92.1,-2.4127e-06,-2.387e-06
92.2,-2.387e-06,-2.4127e-06
92.3,-2.5549e-06,-2.5549e-06
92.4,-2.5911e-06,-2.5549e-06
92.5,-2.9626e-06,-2.5549e-06
92.6,-2.2678e-06,-2.4428e-06
92.7,-2.4428e-06,-2.4326e-06
92.8,-2.4326e-06,-2.2678e-06
92.9,-1.7185e-06,-2.4326e-06
93.0,-2.172e-06,-2.2466e-06
93.1,-2.4468e-06,-2.2466e-06
93.2,-2.2466e-06,-2.2466e-06
93.3,-2.786e-06,-2.4468e-06
93.4,-2.0493e-06,-2.5723e-06
93.5,-3.3031e-06,-2.5723e-06
93.6,-2.5723e-06,-2.4581e-06
93.7,-2.4581e-06,-2.5723e-06
93.8,-2.248e-06,-2.4581e-06
93.9,-2.577e-06,-2.4581e-06
94.0,-2.3054e-06,-2.3054e-06
94.1,-2.6588e-06,-2.5106e-06
94.2,-2.2775e-06,-2.5106e-06
94.3,-2.5106e-06,-2.5106e-06
94.4,-2.7795e-06,-2.479e-06
94.5,-2.479e-06,-2.5106e-06
94.6,-2.1917e-06,-2.6966e-06
94.7,-2.9569e-06,-2.634e-06
94.8,-2.6966e-06,-2.634e-06
94.9,-2.634e-06,-2.634e-06
95.0,-2.1917e-06,-2.1917e-06
95.1,-2.1331e-06,-2.181e-06
95.2,-2.181e-06,-2.181e-06
95.3,-1.8651e-06,-2.181e-06
95.4,-2.3963e-06,-2.181e-06
95.5,-2.8036e-06,-2.1625e-06
95.6,-1.9093e-06,-2.1625e-06
95.7,-2.1625e-06,-2.1625e-06
95.8,-2.09e-06,-2.09e-06
95.9,-2.7079e-06,-2.09e-06
96.0,-2.0064e-06,-2.09e-06
96.1,-1.8234e-06,-2.5814e-06
96.2,-2.5814e-06,-2.5814e-06
96.3,-2.8652e-06,-2.5814e-06
96.4,-2.8107e-06,-2.5814e-06
96.5,-1.9204e-06,-2.4323e-06
96.6,-2.4323e-06,-2.4274e-06
96.7,-2.4274e-06,-2.4216e-06
96.8,-2.0553e-06,-2.4216e-06
96.9,-2.4216e-06,-2.3396e-06
97.0,-2.3396e-06,-2.3396e-06
97.1,-1.9633e-06,-2.3396e-06
97.2,-2.8385e-06,-2.0545e-06
97.3,-1.7866e-06,-2.0545e-06
97.4,-2.0545e-06,-2.0545e-06
97.5,-2.2801e-06,-2.0545e-06
97.6,-1.7691e-06,-2.2801e-06
97.7,-2.5274e-06,-2.5274e-06
97.8,-2.5712e-06,-2.5274e-06
97.9,-2.8852e-06,-2.5274e-06
98.0,-2.1336e-06,-2.5712e-06
98.1,-2.1701e-06,-2.6406e-06
98.2,-2.6406e-06,-2.201e-06
98.3,-2.6964e-06,-2.5716e-06
98.4,-2.201e-06,-2.5716e-06
98.5,-2.5716e-06,-2.5703e-06
98.6,-2.0478e-06,-2.5703e-06
98.7,-2.5703e-06,-2.5703e-06
98.8,-2.7865e-06,-2.539e-06
98.9,-1.9953e-06,-2.539e-06
99.0,-2.539e-06,-2.4228e-06
99.1,-2.4228e-06,-2.2174e-06
99.2,-2.2174e-06,-2.4228e-06
99.3,-2.1574e-06,-2.218e-06
99.4,-2.5495e-06,-2.218e-06
99.5,-2.218e-06,-2.2731e-06
99.6,-2.2731e-06,-2.2941e-06
99.7,-2.2941e-06,-2.2941e-06
99.8,-2.5108e-06,-2.3847e-06
99.9,-2.5792e-06,-2.5108e-06
100.0,-2.3847e-06,-2.5792e-06
100.1,-2.6322e-06,-2.6283e-06
100.2,-2.811e-06,-2.6283e-06
100.3,-2.6283e-06,-2.6283e-06
100.4,-2.3911e-06,-2.4403e-06
100.5,-2.4403e-06,-2.4403e-06
100.6,-1.8117e-06,-2.3911e-06
100.7,-2.6566e-06,-2.1359e-06
100.8,-2.1359e-06,-2.1359e-06
100.9,-2.0118e-06,-2.5994e-06
101.0,-2.6568e-06,-2.1359e-06
101.1,-2.5994e-06,-2.0118e-06
101.2,-1.7889e-06,-2.5994e-06
101.3,-1.7239e-06,-2.3055e-06
101.4,-2.7782e-06,-2.3055e-06
101.5,-2.3055e-06,-2.5514e-06
101.6,-2.7548e-06,-2.6555e-06
101.7,-2.5514e-06,-2.6555e-06
101.8,-2.6555e-06,-2.6555e-06
101.9,-3.0923e-06,-2.5514e-06
102.0,-2.3849e-06,-2.3849e-06
102.1,-2.1556e-06,-2.3103e-06
102.2,-2.3103e-06,-2.3103e-06
102.3,-2.3035e-06,-2.3103e-06
102.4,-2.4336e-06,-2.4336e-06
102.5,-2.7072e-06,-2.5446e-06
102.6,-2.5446e-06,-2.7072e-06
102.7,-2.7159e-06,-2.7072e-06
102.8,-2.7965e-06,-2.5446e-06
102.9,-1.8417e-06,-2.3292e-06
103.0,-2.0302e-06,-2.2911e-06
103.1,-2.3292e-06,-2.2911e-06
103.2,-2.2911e-06,-2.3292e-06
103.3,-2.4677e-06,-2.3292e-06
103.4,-2.4408e-06,-2.4408e-06
103.5,-2.1807e-06,-2.4677e-06
103.6,-2.5601e-06,-2.5601e-06
103.7,-2.8414e-06,-2.5721e-06
103.8,-2.5721e-06,-2.5721e-06
103.9,-2.5877e-06,-2.5721e-06
104.0,-2.28e-06,-2.28e-06
104.1,-1.9835e-06,-2.28e-06
104.2,-2.0008e-06,-2.0008e-06
104.3,-2.4355e-06,-2.0008e-06
104.4,-1.6059e-06,-2.4355e-06
104.5,-2.7673e-06,-2.6872e-06
104.6,-2.6872e-06,-2.7673e-06
104.7,-2.8226e-06,-2.7673e-06
104.8,-2.8409e-06,-2.6872e-06
104.9,-2.1392e-06,-2.4005e-06
105.0,-2.4005e-06,-2.4005e-06
105.1,-2.1786e-06,-2.3928e-06
105.2,-2.6809e-06,-2.3928e-06
105.3,-2.3928e-06,-2.3928e-06
105.4,-2.0619e-06,-2.5358e-06
105.5,-2.6218e-06,-2.3928e-06
105.6,-2.5358e-06,-2.5358e-06
105.7,-2.0084e-06,-2.5358e-06
105.8,-2.7195e-06,-2.5358e-06
105.9,-2.4286e-06,-2.4286e-06
106.0,-2.8385e-06,-2.4286e-06
106.1,-2.3088e-06,-2.3088e-06
106.2,-2.3046e-06,-2.3088e-06
106.3,-2.12e-06,-2.3088e-06
106.4,-2.4551e-06,-2.3046e-06
106.5,-2.5156e-06,-2.4551e-06
106.6,-2.0159e-06,-2.5156e-06
106.7,-2.8127e-06,-2.5156e-06
106.8,-2.8456e-06,-2.3671e-06
106.9,-2.3671e-06,-2.7088e-06
107.0,-1.9876e-06,-2.3671e-06
107.1,-2.7088e-06,-2.3273e-06
107.2,-2.0903e-06,-2.0903e-06
107.3,-2.3273e-06,-2.3273e-06
107.4,-1.912e-06,-2.3273e-06
107.5,-2.3609e-06,-2.3609e-06
107.6,-2.4364e-06,-2.4364e-06
107.7,-2.7569e-06,-2.4364e-06
107.8,-2.7125e-06,-2.5249e-06
107.9,-2.3848e-06,-2.6526e-06
108.0,-2.5249e-06,-2.5249e-06
108.1,-2.6526e-06,-2.3848e-06
108.2,-2.0755e-06,-2.5249e-06
108.3,-2.052e-06,-2.6104e-06
108.4,-2.6969e-06,-2.5921e-06
108.5,-2.6104e-06,-2.6104e-06
108.6,-2.5921e-06,-2.6141e-06
108.7,-2.6141e-06,-2.6141e-06
108.8,-2.8348e-06,-2.7565e-06
108.9,-2.9981e-06,-2.8348e-06
109.0,-2.7565e-06,-2.8348e-06
109.1,-2.9238e-06,-2.7565e-06
109.2,-2.3205e-06,-2.5908e-06
109.3,-2.5908e-06,-2.5908e-06
109.4,-2.3283e-06,-2.3283e-06
109.5,-2.7874e-06,-2.5908e-06
109.6,-1.977e-06,-2.3283e-06
109.7,-3.222e-06,-2.7874e-06
109.8,-2.0311e-06,-2.4582e-06
109.9,-2.8496e-06,-2.5916e-06
110.0,-2.4582e-06,-2.4582e-06
110.1,-2.5916e-06,-2.5916e-06
110.2,-2.1551e-06,-2.5916e-06
110.3,-2.9237e-06,-2.5916e-06
110.4,-2.8415e-06,-2.6765e-06
110.5,-2.2535e-06,-2.8415e-06
110.6,-2.6765e-06,-2.6765e-06
110.7,-2.9445e-06,-2.6765e-06
110.8,-2.5294e-06,-2.6765e-06
110.9,-3.2071e-06,-2.7933e-06
111.0,-2.6479e-06,-2.6479e-06
111.1,-2.7933e-06,-2.7279e-06
111.2,-2.383e-06,-2.7279e-06
111.3,-2.7279e-06,-2.7279e-06
111.4,-2.9313e-06,-2.7279e-06
111.5,-2.3082e-06,-2.7279e-06
111.6,-2.8506e-06,-2.5723e-06
111.7,-2.5723e-06,-2.4468e-06
111.8,-1.8589e-06,-2.5723e-06
111.9,-2.4468e-06,-2.4468e-06
112.0,-2.7573e-06,-2.3283e-06
112.1,-2.096e-06,-2.4468e-06
112.2,-2.3283e-06,-2.3792e-06
112.3,-2.5407e-06,-2.3792e-06
112.4,-2.3792e-06,-2.3835e-06
112.5,-2.3835e-06,-2.3835e-06
112.6,-2.8292e-06,-2.3835e-06
112.7,-2.3544e-06,-2.3835e-06
112.8,-2.7697e-06,-2.5022e-06
112.9,-2.3653e-06,-2.5022e-06
113.0,-2.5022e-06,-2.5022e-06
113.1,-2.5114e-06,-2.5022e-06
113.2,-2.4385e-06,-2.5114e-06
113.3,-2.8248e-06,-2.5758e-06
113.4,-2.6669e-06,-2.5758e-06
113.5,-2.5758e-06,-2.5758e-06
113.6,-2.5043e-06,-2.5279e-06
113.7,-2.5279e-06,-2.5279e-06
113.8,-2.356e-06,-2.5043e-06
113.9,-2.5443e-06,-2.5279e-06
114.0,-2.2025e-06,-2.3935e-06
114.1,-2.8541e-06,-2.3935e-06
114.2,-2.3935e-06,-2.3904e-06
114.3,-2.3904e-06,-2.3935e-06
114.4,-2.1164e-06,-2.3935e-06
114.5,-2.6233e-06,-2.6201e-06
114.6,-2.8201e-06,-2.6201e-06
114.7,-2.6201e-06,-2.6233e-06
114.8,-2.5769e-06,-2.6201e-06
114.9,-2.8901e-06,-2.6201e-06
115.0,-2.2557e-06,-2.5769e-06
115.1,-2.713e-06,-2.713e-06
115.2,-2.2555e-06,-2.6971e-06
115.3,-2.8231e-06,-2.6971e-06
115.4,-2.6971e-06,-2.6971e-06
115.5,-2.4149e-06,-2.6971e-06
115.6,-2.7951e-06,-2.5281e-06
115.7,-2.4352e-06,-2.5281e-06
115.8,-2.5281e-06,-2.5281e-06
115.9,-2.5604e-06,-2.5281e-06
116.0,-2.4682e-06,-2.5281e-06
116.1,-2.612e-06,-2.5604e-06
116.2,-2.5273e-06,-2.612e-06
116.3,-2.6756e-06,-2.612e-06
116.4,-2.9716e-06,-2.6756e-06
116.5,-2.0207e-06,-2.7718e-06
116.6,-2.7718e-06,-2.7718e-06
116.7,-2.8201e-06,-2.6491e-06
116.8,-2.6491e-06,-2.6491e-06
116.9,-1.9065e-06,-2.6491e-06
117.0,-2.4341e-06,-2.4341e-06
117.1,-2.7767e-06,-2.3445e-06
117.2,-1.8534e-06,-2.3445e-06
117.3,-2.3445e-06,-2.2822e-06
117.4,-2.2822e-06,-2.2534e-06
117.5,-2.1353e-06,-2.2822e-06
117.6,-2.2534e-06,-2.2822e-06
117.7,-2.7917e-06,-2.3021e-06
117.8,-2.3021e-06,-2.5861e-06
117.9,-2.9234e-06,-2.5861e-06
118.0,-2.5861e-06,-2.5833e-06
118.1,-1.466e-06,-2.5833e-06
118.2,-2.5833e-06,-2.5484e-06
118.3,-2.5484e-06,-2.5484e-06
118.4,-2.2554e-06,-2.5484e-06
118.5,-3.241e-06,-2.4304e-06
118.6,-2.4304e-06,-2.3898e-06
118.7,-2.2552e-06,-2.4304e-06
118.8,-2.3898e-06,-2.4304e-06
118.9,-2.9775e-06,-2.5454e-06
119.0,-2.9503e-06,-2.5454e-06
119.1,-2.5454e-06,-2.6249e-06
119.2,-2.264e-06,-2.5454e-06
119.3,-2.6249e-06,-2.5454e-06
119.4,-2.3516e-06,-2.4367e-06
119.5,-2.8111e-06,-2.6249e-06
119.6,-2.4367e-06,-2.6923e-06
119.7,-2.6923e-06,-2.6923e-06
119.8,-2.8541e-06,-2.6923e-06
119.9,-2.4806e-06,-2.6923e-06
120.0,-2.7134e-06,-2.4806e-06
120.1,-2.4537e-06,-2.4806e-06
120.2,-2.4749e-06,-2.4749e-06
120.3,-2.6762e-06,-2.4749e-06
120.4,-2.3894e-06,-2.4749e-06
120.5,-3.288e-06,-2.4991e-06
120.6,-2.1119e-06,-2.3894e-06
120.7,-2.4991e-06,-2.4991e-06
120.8,-2.2465e-06,-2.2465e-06
120.9,-2.7876e-06,-2.2465e-06
121.0,-2.1538e-06,-2.1538e-06
121.1,-2.0108e-06,-2.1538e-06
121.2,-2.113e-06,-2.1538e-06
121.3,-2.4338e-06,-2.4338e-06
121.4,-2.5231e-06,-2.5231e-06
121.5,-3.0892e-06,-2.5231e-06
121.6,-2.729e-06,-2.5231e-06
121.7,-2.4238e-06,-2.4238e-06
121.8,-2.4118e-06,-2.4238e-06
121.9,-2.2951e-06,-2.4118e-06
122.0,-3.1807e-06,-2.4118e-06
122.1,-1.8669e-06,-2.6286e-06
122.2,-2.6286e-06,-2.6286e-06
122.3,-2.7695e-06,-2.2541e-06
122.4,-2.2541e-06,-2.2623e-06
122.5,-1.9827e-06,-2.2623e-06
122.6,-2.2623e-06,-2.2623e-06
122.7,-2.8343e-06,-2.2623e-06
122.8,-2.396e-06,-2.396e-06
122.9,-2.2054e-06,-2.4826e-06
123.0,-2.4826e-06,-2.4826e-06
123.1,-3.0959e-06,-2.4949e-06
123.2,-2.4949e-06,-2.4949e-06
123.3,-2.581e-06,-2.4949e-06
123.4,-2.1237e-06,-2.4021e-06
123.5,-2.4021e-06,-2.4021e-06
123.6,-2.1693e-06,-2.4021e-06
123.7,-2.6239e-06,-2.46e-06
123.8,-2.5936e-06,-2.5379e-06
123.9,-2.46e-06,-2.5379e-06
124.0,-2.5379e-06,-2.5379e-06
124.1,-2.3763e-06,-2.46e-06
124.2,-2.5649e-06,-2.4029e-06
124.3,-2.1772e-06,-2.4029e-06
124.4,-2.4029e-06,-2.5649e-06
124.5,-2.7112e-06,-2.4029e-06
124.6,-3.0553e-06,-2.4029e-06
