feat_0,feat_1,feat_2,feat_3,feat_4,feat_5,feat_6,feat_7,feat_8,feat_9,feat_10,feat_11,feat_12,feat_13,feat_14,feat_15,feat_16,feat_17,feat_18,feat_19,feat_20,feat_21,feat_22,feat_23,feat_24,feat_25,feat_26,feat_27,feat_28,feat_29,feat_30,feat_31,feat_32,feat_33,feat_34,feat_35,feat_36,feat_37,feat_38,feat_39,feat_40,feat_41,feat_42,feat_43,feat_44,feat_45,feat_46,feat_47,feat_48,feat_49,feat_50,feat_51,feat_52,feat_53,feat_54,feat_55,feat_56,feat_57,feat_58,feat_59,feat_60,feat_61,feat_62,feat_63
0.0077715833,0.02729687,0.06333063,0.020128,0.15900348,2.2524791e-05,0.06439857,0.007948417,0.015234297,0.061200585,0.022085462,0.03309814,0.02305825,0.003851611,0.025409203,0.16719313,0.011488106,0.23616444,0.11559663,0.08637718,0.079362035,0.0066050114,0.1454253,0.090763696,0.1172485,0.0038488947,0.08439376,0.015523114,0.08395962,0.0,0.1804287,0.15487616,0.061251797,0.0,0.009320127,0.021560872,0.16200379,0.13249132,0.016560586,0.04410044,0.022809448,0.026793249,0.21202923,0.086324036,0.1309327,0.16916308,2.6569145e-05,0.011271127,0.23731485,0.00068096543,0.00037426717,0.2196011,0.0,0.0,0.0038088756,0.02405017,0.051690318,0.028876781,0.19019647,0.052613348,0.096565284,0.07224625,0.037249792,0.0
0.007962102,0.012954918,0.06263416,0.014271468,0.115430586,0.0,0.05778085,0.009614626,0.015767176,0.034121808,0.013612811,0.017855331,0.012268574,0.0057833223,0.029125871,0.13981381,0.009655148,0.21303077,0.11131081,0.091019124,0.07837123,0.011284003,0.104544684,0.10914673,0.096778505,0.008107444,0.07769748,0.011491763,0.11618872,0.0,0.15892705,0.12740926,0.08742786,0.0,0.006496238,0.012473686,0.14050797,0.12852335,0.02699507,0.01725282,0.016269777,0.048521686,0.19065298,0.05400736,0.11503564,0.14525735,0.0,0.008425643,0.2163686,0.0,0.00042417282,0.2033303,0.0,0.0,0.006849987,0.013977978,0.051616758,0.032123927,0.20123161,0.037721273,0.07482708,0.07313426,0.01707946,0.0
0.0073150005,0.04223897,0.06571364,0.01597197,0.17716727,0.00017309388,0.0692354,0.0042150603,0.013396272,0.06876599,0.021407655,0.04071425,0.029002009,0.0028017515,0.026338285,0.16160871,0.010790238,0.23605065,0.11260381,0.075242065,0.07129964,0.0037393584,0.16421196,0.077173844,0.13269854,0.0026628023,0.09123374,0.025090402,0.082750455,0.0,0.18177414,0.15964332,0.067656755,0.0,0.02175005,0.03290211,0.16117375,0.11730583,0.013722436,0.054907486,0.023432141,0.028467005,0.20708622,0.09726052,0.14100786,0.17499278,1.0469765e-05,0.02211167,0.23928396,0.0020005298,0.00309537,0.22296199,0.0,0.0,0.0017440126,0.029799724,0.050232887,0.022117306,0.17101103,0.061432406,0.09887667,0.06479206,0.047111873,0.0
0.0059849997,0.036272846,0.067822464,0.01567547,0.17412171,0.0,0.06980608,0.00627205,0.017058536,0.05826279,0.019620655,0.03507349,0.025517983,0.003879426,0.026840268,0.15078922,0.008100534,0.2302559,0.1093377,0.07283746,0.07066072,0.0075809704,0.15566249,0.07810708,0.1335898,0.0039595747,0.09045935,0.02463742,0.08181657,0.0,0.1841203,0.15621153,0.07374836,0.0,0.019334674,0.029940182,0.15672076,0.11401679,0.018560475,0.05319278,0.02468231,0.032649733,0.20168373,0.09290154,0.14068705,0.17295824,0.0,0.021246444,0.23664135,0.001090772,0.001791359,0.21794769,0.0,0.0,0.0038603107,0.027046496,0.046942092,0.019719487,0.16518362,0.06416913,0.09651041,0.06665188,0.046650495,0.0
0.0037286854,0.038568653,0.07353244,0.006150822,0.17313546,0.0,0.07008976,0.0072609377,0.018409573,0.05690469,0.014771674,0.038703207,0.02367426,0.0034536272,0.021560838,0.13098723,0.0035873496,0.224272,0.10581564,0.063049525,0.058006953,0.0076638297,0.15724355,0.06920598,0.13951279,0.004173325,0.09330262,0.028478611,0.09293734,0.000104344246,0.1797202,0.15080257,0.08218811,0.0,0.026473982,0.03593216,0.1457197,0.09317309,0.019143656,0.052644588,0.025092445,0.03597918,0.18167585,0.088702895,0.14348084,0.1649571,0.0,0.02645855,0.23142739,0.002097919,0.006543541,0.21051782,0.0,0.0,0.004543438,0.02843511,0.03994359,0.012644809,0.14272612,0.06905581,0.08280615,0.059663348,0.043536887,0.0
0.0068789655,0.02425365,0.0674102,0.014523002,0.14478132,0.0003284745,0.06261241,0.007559117,0.015424835,0.0472448,0.016317194,0.025357196,0.016048467,0.004914038,0.025613409,0.14223723,0.008082378,0.2226356,0.110628985,0.082297765,0.07138287,0.009852093,0.12953286,0.09281861,0.11517761,0.006156026,0.08540013,0.018775167,0.10074874,0.0,0.17011097,0.14190993,0.07987264,0.0,0.013930661,0.021954052,0.1457241,0.11822293,0.021283602,0.03421679,0.020544058,0.039367076,0.19305694,0.07271003,0.1268372,0.15682602,4.8216305e-05,0.0147896875,0.22697103,0.00013884931,0.0016183631,0.2091621,0.0,0.0,0.005603922,0.021592986,0.048986625,0.024933713,0.18031135,0.051048674,0.08203226,0.06882721,0.028119035,0.0
0.004423492,0.013415271,0.058918465,0.0050080973,0.11525647,0.00030480372,0.056277074,0.012831645,0.021831624,0.03819333,0.016074378,0.025381267,0.013355079,0.0043952726,0.02646935,0.14358383,0.00019893401,0.21727419,0.11340228,0.08961935,0.07681627,0.008353376,0.10946416,0.1057974,0.098902024,0.011526051,0.07657195,0.010880386,0.11340383,0.0,0.15699753,0.12875254,0.08445766,0.0,0.006837101,0.013768929,0.14156753,0.122959375,0.025742639,0.01612453,0.016746657,0.048597824,0.18723856,0.053454094,0.11195854,0.14338331,0.0,0.009296596,0.21921048,0.0014434336,0.002779088,0.20134348,0.0,0.0,0.0073069697,0.0161213,0.044842348,0.031619,0.19060178,0.035418205,0.072118744,0.07504131,0.013893592,0.0
0.009730104,0.027462346,0.07189161,0.016857857,0.14870787,0.0,0.064950205,0.0061747073,0.017504,0.05081247,0.016344002,0.02658355,0.022358324,0.0048125433,0.028514538,0.14556375,0.009540994,0.22340229,0.10948853,0.08137712,0.068191506,0.006478358,0.13872632,0.09121483,0.1186032,0.0070713866,0.083646506,0.015343371,0.09434156,0.0,0.17288151,0.14756542,0.07526116,0.0,0.006867223,0.018808005,0.14807697,0.116305485,0.020029858,0.036081918,0.01959856,0.036441453,0.19785596,0.076632686,0.12903167,0.16098396,5.3526364e-05,0.008819189,0.22789435,0.001018886,0.0039011296,0.21931623,0.0,0.0,0.004055711,0.022223558,0.048174564,0.025268706,0.1827214,0.05283047,0.08499458,0.06381038,0.031679966,0.0
0.0085826935,0.015115583,0.06686014,0.020864844,0.120583154,0.0030072343,0.07096142,0.00206958,0.02287025,0.036330465,0.009611402,0.03407294,0.02383884,0.008487022,0.02685607,0.14715388,0.009430355,0.20209646,0.10839543,0.085307315,0.07070171,0.0066215126,0.11636421,0.10702647,0.103569105,0.007629346,0.07114945,0.0046146894,0.11623816,0.0001335882,0.15154241,0.12984298,0.08184415,0.0,0.006703217,0.009082058,0.14458595,0.12234425,0.028118534,0.021998744,0.014051986,0.04574612,0.19314171,0.056622844,0.11112196,0.16996817,0.0,0.0034744858,0.21177001,0.0023451291,0.005576096,0.2172186,0.0006306582,0.0,0.004708374,0.016466223,0.04787536,0.028471893,0.1901886,0.039917313,0.077441506,0.071497284,0.016387232,0.0
0.0077770017,0.038633782,0.06920064,0.018014451,0.17415893,0.0046096956,0.06833109,0.007135242,0.01910782,0.07000847,0.02225934,0.04174035,0.03137614,0.0026821578,0.023407944,0.17264743,0.008398397,0.24071638,0.11503915,0.08074155,0.07774366,0.005067823,0.16496392,0.08236142,0.1277501,0.005757321,0.086273454,0.018294353,0.075501114,0.0,0.18080026,0.15696964,0.058862567,0.0,0.012531671,0.029999768,0.1684505,0.12281016,0.017784573,0.054453045,0.023390966,0.021769172,0.21537241,0.09772807,0.13950554,0.1802661,0.0002760095,0.01827877,0.2410932,0.0005175002,0.0033652184,0.225308,0.00023366972,0.0,0.0,0.029203307,0.04985092,0.02444504,0.1798006,0.05789628,0.10378667,0.071825236,0.044083204,0.0
0.00964342,0.014226364,0.067090265,0.01694095,0.12104988,0.0092159035,0.07103945,0.004172447,0.016896613,0.035843246,0.012432247,0.02849441,0.028262734,0.0062154816,0.026544794,0.15162896,0.006334471,0.20946305,0.10858889,0.088823795,0.073065795,0.0026219664,0.119449064,0.107400745,0.09426332,0.008989457,0.06570306,0.0078050448,0.109999545,0.00052412227,0.14382692,0.12931569,0.07070949,0.0,0.005350833,0.012774728,0.14754179,0.11776893,0.019954272,0.023745261,0.015824102,0.04759202,0.20021491,0.060702525,0.108353555,0.17086083,0.001926834,0.0065907217,0.21630219,0.001899178,0.004447533,0.2128636,0.0013898658,0.0,0.0,0.017137218,0.043656513,0.030930316,0.2094469,0.03945799,0.08017522,0.07602929,0.01472339,0.0
0.0065866695,0.025388159,0.066693366,0.014418849,0.1468086,0.0030232957,0.073315956,0.009541283,0.026046123,0.042334434,0.01335979,0.03464954,0.03314054,0.0060597397,0.026318507,0.15163164,0.001911138,0.22070523,0.107680224,0.07884161,0.07837722,0.009224286,0.14096786,0.09351328,0.113731235,0.008050698,0.073828004,0.014027126,0.089633666,0.0013655276,0.17149106,0.14534031,0.074121825,0.0,0.006441259,0.020575648,0.1556253,0.11415237,0.026428115,0.040647864,0.021938425,0.041296773,0.20297915,0.078505084,0.12358342,0.17376591,0.0,0.014854993,0.22837439,0.0024621258,0.0037213014,0.21746449,0.0020186186,0.0,0.0044484716,0.02055406,0.042443972,0.025292933,0.18122694,0.054068476,0.094973736,0.070958756,0.034969606,0.0
0.009249349,0.023122067,0.076262444,0.022177853,0.14428174,0.007184569,0.06309511,0.006640786,0.022907138,0.051150814,0.015362718,0.03820858,0.030948466,0.0058171577,0.027247319,0.15856843,0.016203217,0.21904698,0.1133848,0.08487371,0.076648325,0.0042458293,0.14021291,0.092027254,0.11883493,0.007595038,0.075375535,0.009258374,0.09761811,0.00066914334,0.16651297,0.13817759,0.07244814,0.0,0.011504078,0.022158869,0.1519784,0.11561472,0.025114236,0.03201109,0.017097678,0.034847666,0.20089726,0.07308609,0.1221573,0.17226896,0.0,0.013879416,0.2210231,0.0022369153,0.008322684,0.22247015,0.0005851958,0.0,0.0005587807,0.0197356,0.052054357,0.026923344,0.18252727,0.047026753,0.08818234,0.06706979,0.029124385,0.0
0.012496152,0.01606568,0.06342901,0.017586254,0.12598701,0.003411398,0.061143164,0.011145306,0.024695773,0.044175748,0.016513048,0.029052915,0.027171347,0.0048880433,0.028681012,0.16176146,0.011418865,0.22767538,0.11848486,0.09738915,0.08337301,0.005402099,0.12222043,0.10696204,0.09989152,0.011581413,0.07639679,0.0031594303,0.10572106,0.0026522055,0.16483934,0.13976385,0.07074209,0.0,0.0,0.014853198,0.15436912,0.13313605,0.02469163,0.024567632,0.016477186,0.038219217,0.20484978,0.0651196,0.113324374,0.16175564,2.6777385e-05,0.008213657,0.2282498,0.00047475589,0.0016322519,0.22099379,0.0029526893,0.0,0.0,0.018325124,0.055536766,0.03422958,0.20856394,0.03884043,0.08589258,0.07721185,0.02133552,0.0
0.0069616013,0.028694076,0.06478861,0.016443007,0.15792125,0.00018067917,0.07001341,0.007039242,0.026708787,0.050449453,0.016033856,0.03515569,0.033269312,0.006554548,0.024309598,0.16263807,0.006276487,0.2291997,0.11065862,0.0783387,0.080819406,0.009908318,0.14877684,0.089720055,0.118671656,0.005597675,0.078065544,0.016498704,0.08149031,0.0013193557,0.17770031,0.14885372,0.067240864,0.0,0.007491373,0.023847766,0.16264601,0.11903573,0.025383819,0.047198385,0.023395292,0.032584455,0.20730087,0.08743895,0.13144256,0.17701803,0.0,0.014958595,0.23205787,0.0023981563,0.0031144964,0.21868315,0.00092848256,0.0,0.0039429073,0.023038082,0.044527963,0.026382573,0.17829032,0.05542026,0.101875976,0.07155268,0.040414277,0.0
0.010837249,0.0268571,0.060102787,0.020647006,0.15616469,0.0033861422,0.065175675,0.009467491,0.02228833,0.063311204,0.021120623,0.039559927,0.03256886,0.003352511,0.020116985,0.18686277,0.012282337,0.24314256,0.11992605,0.08977877,0.09068679,0.0041284477,0.15213825,0.09815699,0.11005928,0.0059651374,0.077188455,0.009002486,0.08268079,0.0,0.1774277,0.15493685,0.04779329,0.0,0.0015044351,0.017385084,0.17349748,0.14034274,0.015074686,0.046995234,0.020101529,0.019792609,0.22307436,0.089929916,0.12905023,0.17378822,0.0,0.0076324465,0.23768432,0.0004551202,0.0011481886,0.22753495,0.000204168,0.0,0.0025633352,0.024480268,0.04816477,0.035117883,0.19803424,0.04897392,0.10756053,0.07225348,0.03389174,0.0
0.006257958,0.033171613,0.0669898,0.011968541,0.18214232,0.0030748674,0.07481678,0.0050495337,0.025612118,0.07204318,0.020113979,0.048076835,0.03796023,0.004659399,0.015540505,0.17743391,0.009309527,0.24188085,0.11651018,0.07708847,0.08126082,0.004019182,0.16570663,0.08406783,0.12392549,0.007356025,0.08103953,0.016172562,0.06784106,0.00094983133,0.1837303,0.165625,0.046382107,0.0,0.0037228765,0.027624035,0.17417188,0.12122964,0.016428975,0.059142288,0.022450946,0.012895724,0.22424564,0.10111505,0.13928074,0.18672904,0.0,0.010905816,0.24319682,0.00014173106,0.0036690575,0.23155308,0.0011429049,0.0,0.0021933867,0.027375111,0.036990315,0.028141493,0.1736707,0.062293224,0.111296795,0.06966492,0.046861254,0.0
0.0040006996,0.02975408,0.0706236,0.02409061,0.14712863,0.0050247647,0.07152493,0.010914134,0.02633718,0.04662563,0.012038626,0.051164478,0.036469016,0.010169349,0.021570913,0.17118946,0.010574075,0.2310638,0.11406884,0.0834726,0.079697944,0.005471715,0.1486234,0.09975267,0.1070851,0.0055192388,0.07701365,0.017719757,0.08860672,0.00010681042,0.16976742,0.14894626,0.067563124,0.0,0.007376002,0.01837929,0.16525295,0.122398704,0.028626371,0.04275897,0.019987538,0.028446266,0.21814771,0.08190905,0.122645095,0.17908554,0.0,0.013017296,0.22918488,0.002876865,0.005023965,0.22775969,0.0,0.0,0.00014096138,0.014016593,0.038778715,0.026101692,0.18338898,0.046777915,0.10034722,0.0741617,0.03315071,0.0
0.0074958843,0.036204938,0.07088575,0.021502513,0.18343946,0.0037839112,0.06666167,0.004623967,0.022509167,0.07783184,0.02488613,0.049933538,0.037379917,0.0028540825,0.01577196,0.18742904,0.011835594,0.24283239,0.118236944,0.07782762,0.08199886,0.0024021622,0.17420024,0.07616169,0.13133699,0.0068749846,0.083141714,0.010438769,0.061330594,0.001988686,0.18388195,0.16057403,0.038811196,0.0,0.0034861227,0.030202178,0.17622466,0.120742775,0.011333071,0.060062133,0.026687358,0.012120531,0.22214194,0.103114136,0.14155672,0.18521625,2.7659149e-05,0.011546735,0.2401527,0.0009974876,0.0051021664,0.23141031,0.0018655438,0.0,0.0,0.028810969,0.046589404,0.028398175,0.16987365,0.060147926,0.109377004,0.07049429,0.047451716,0.0
0.013543973,0.020048283,0.057878286,0.02298827,0.13485478,0.0019531497,0.061879538,0.005174575,0.017680233,0.05254004,0.01793083,0.0269463,0.02691334,0.0036808536,0.028469319,0.17073093,0.014624207,0.23143958,0.11749526,0.09721174,0.084258996,0.0043608285,0.12606555,0.10673948,0.09972096,0.0083352085,0.077460624,0.0072477744,0.10107653,0.0,0.16776727,0.14176357,0.066418864,0.0,0.00188097,0.014812009,0.1605904,0.14378983,0.016361708,0.030669846,0.017356636,0.03487894,0.21424872,0.074297816,0.1201149,0.16466787,0.0,0.0052972655,0.22942722,0.0,0.0,0.22164136,0.00016941442,0.0,0.0029185119,0.01992908,0.057338048,0.03564611,0.21190716,0.041464616,0.09280556,0.07407949,0.028043993,0.0
0.012080238,0.02317891,0.06112417,0.018537765,0.14418843,0.0043397713,0.06366753,0.009694356,0.022630936,0.048482753,0.019126222,0.034598235,0.030450447,0.0040899706,0.02809569,0.16934836,0.012460556,0.23341478,0.11569255,0.088042825,0.08426844,0.003712284,0.14090383,0.099381104,0.10913777,0.0078026936,0.07923842,0.011149376,0.09514829,0.0,0.17240356,0.14773376,0.064578556,0.0,0.0023496822,0.016082961,0.15911676,0.13328746,0.01626769,0.036751818,0.01760192,0.0344702,0.21101673,0.07937309,0.122630835,0.16873537,0.0,0.0072622155,0.23140088,0.00068306515,0.0014706615,0.2260236,0.0,0.0,0.0032798797,0.020727575,0.047003128,0.03119324,0.19714895,0.045757066,0.09773691,0.07055295,0.031034978,0.0
