Time(S),Denoised_Current(A),Pseudo_Label(1=周期)
0.1,-2.3654e-06,0.0
0.2,-2.3654e-06,0.0
0.3,-2.3654e-06,0.0
0.4,-2.3654e-06,0.0
0.5,-2.2701e-06,0.0
0.6,-2.247e-06,0.0
0.7,-2.0877e-06,1.0
0.8,-2.247e-06,1.0
0.9,-2.247e-06,1.0
1.0,-2.2976e-06,1.0
1.1,-2.2976e-06,1.0
1.2,-2.5187e-06,1.0
1.3,-2.5688e-06,1.0
1.4,-2.5688e-06,1.0
1.5,-2.5688e-06,1.0
1.6,-2.5688e-06,1.0
1.7,-2.5688e-06,1.0
1.8,-2.4638e-06,1.0
1.9,-2.4638e-06,1.0
2.0,-2.4638e-06,1.0
2.1,-2.4669e-06,1.0
2.2,-2.4282e-06,1.0
2.3,-2.316e-06,0.0
2.4,-2.4669e-06,0.0
2.5,-2.3594e-06,0.0
2.6,-2.3594e-06,0.0
2.7,-2.4031e-06,0.0
2.8,-2.4031e-06,0.0
2.9,-2.3594e-06,0.0
3.0,-2.4031e-06,0.0
3.1,-2.554e-06,0.0
3.2,-2.2958e-06,1.0
3.3,-2.3671e-06,1.0
3.4,-2.3671e-06,1.0
3.5,-2.3671e-06,1.0
3.6,-2.3671e-06,1.0
3.7,-2.3671e-06,1.0
3.8,-2.3045e-06,0.0
3.9,-2.3226e-06,0.0
4.0,-2.3045e-06,0.0
4.1,-2.3045e-06,0.0
4.2,-2.3062e-06,0.0
4.3,-2.3062e-06,0.0
4.4,-2.2235e-06,0.0
4.5,-2.3062e-06,0.0
4.6,-2.2235e-06,1.0
4.7,-2.2235e-06,1.0
4.8,-2.2606e-06,1.0
4.9,-2.2606e-06,1.0
5.0,-2.2206e-06,1.0
5.1,-2.2206e-06,1.0
5.2,-2.172e-06,1.0
5.3,-2.172e-06,1.0
5.4,-2.1748e-06,1.0
5.5,-2.1748e-06,1.0
5.6,-2.1748e-06,1.0
5.7,-2.5353e-06,1.0
5.8,-2.1748e-06,1.0
5.9,-2.5353e-06,1.0
6.0,-2.3911e-06,1.0
6.1,-2.3911e-06,1.0
6.2,-2.3222e-06,1.0
6.3,-2.3222e-06,1.0
6.4,-2.0857e-06,1.0
6.5,-2.0857e-06,1.0
6.6,-2.0857e-06,1.0
6.7,-2.0857e-06,1.0
6.8,-2.1462e-06,1.0
6.9,-2.2154e-06,1.0
7.0,-2.2445e-06,1.0
7.1,-2.3428e-06,1.0
7.2,-2.3428e-06,1.0
7.3,-2.2154e-06,0.0
7.4,-2.3428e-06,0.0
7.5,-2.2543e-06,0.0
7.6,-2.1414e-06,1.0
7.7,-2.1818e-06,1.0
7.8,-2.2455e-06,1.0
7.9,-2.2455e-06,1.0
8.0,-2.2455e-06,1.0
8.1,-2.3208e-06,1.0
8.2,-2.3208e-06,1.0
8.3,-2.3208e-06,1.0
8.4,-2.3097e-06,1.0
8.5,-2.3039e-06,1.0
8.6,-2.3039e-06,1.0
8.7,-2.3039e-06,1.0
8.8,-2.2768e-06,1.0
8.9,-2.2768e-06,1.0
9.0,-2.3924e-06,1.0
9.1,-2.2557e-06,1.0
9.2,-2.2557e-06,1.0
9.3,-2.1247e-06,1.0
9.4,-2.1247e-06,1.0
9.5,-2.1247e-06,1.0
9.6,-2.4297e-06,1.0
9.7,-2.464e-06,1.0
9.8,-2.464e-06,1.0
9.9,-2.4297e-06,1.0
10.0,-2.2995e-06,1.0
10.1,-2.1659e-06,1.0
10.2,-2.1499e-06,1.0
10.3,-2.1257e-06,0.0
10.4,-2.1659e-06,0.0
10.5,-2.1257e-06,1.0
10.6,-2.1257e-06,1.0
10.7,-2.2376e-06,1.0
10.8,-2.3153e-06,1.0
10.9,-2.3934e-06,1.0
11.0,-2.3934e-06,1.0
11.1,-2.3153e-06,1.0
11.2,-2.3456e-06,1.0
11.3,-2.3456e-06,1.0
11.4,-2.3456e-06,1.0
11.5,-2.3456e-06,1.0
11.6,-2.3759e-06,1.0
11.7,-2.452e-06,1.0
11.8,-2.562e-06,1.0
11.9,-2.562e-06,1.0
12.0,-2.562e-06,1.0
12.1,-2.3022e-06,1.0
12.2,-2.3022e-06,1.0
12.3,-2.3022e-06,1.0
12.4,-2.4533e-06,1.0
12.5,-2.4533e-06,1.0
12.6,-2.4533e-06,1.0
12.7,-2.3971e-06,1.0
12.8,-2.3003e-06,1.0
12.9,-2.3003e-06,1.0
13.0,-2.306e-06,1.0
13.1,-2.306e-06,1.0
13.2,-2.306e-06,1.0
13.3,-2.3843e-06,1.0
13.4,-2.5102e-06,1.0
13.5,-2.5335e-06,1.0
13.6,-2.5335e-06,1.0
13.7,-2.5102e-06,1.0
13.8,-2.5335e-06,1.0
13.9,-2.3542e-06,1.0
14.0,-2.3388e-06,0.0
14.1,-2.3542e-06,0.0
14.2,-2.3542e-06,0.0
14.3,-2.3542e-06,0.0
14.4,-2.3334e-06,1.0
14.5,-2.3992e-06,1.0
14.6,-2.3992e-06,1.0
14.7,-2.4259e-06,1.0
14.8,-2.4259e-06,1.0
14.9,-2.581e-06,1.0
15.0,-2.581e-06,1.0
15.1,-2.4259e-06,1.0
15.2,-2.1341e-06,1.0
15.3,-2.1341e-06,1.0
15.4,-2.1341e-06,1.0
15.5,-2.376e-06,1.0
15.6,-2.3988e-06,1.0
15.7,-2.6683e-06,1.0
15.8,-2.6717e-06,1.0
15.9,-2.6717e-06,1.0
16.0,-2.6717e-06,1.0
16.1,-2.4276e-06,1.0
16.2,-2.4276e-06,1.0
16.3,-2.4276e-06,1.0
16.4,-2.4334e-06,1.0
16.5,-2.4334e-06,1.0
16.6,-2.4471e-06,1.0
16.7,-2.6309e-06,1.0
16.8,-2.6389e-06,1.0
16.9,-2.6389e-06,1.0
17.0,-2.7587e-06,1.0
17.1,-2.7587e-06,1.0
17.2,-2.3968e-06,1.0
17.3,-2.3604e-06,1.0
17.4,-2.2267e-06,1.0
17.5,-2.1593e-06,1.0
17.6,-2.1353e-06,0.0
17.7,-2.139e-06,0.0
17.8,-2.1593e-06,0.0
17.9,-2.1593e-06,0.0
18.0,-2.1428e-06,0.0
18.1,-2.2686e-06,0.0
18.2,-2.4345e-06,0.0
18.3,-2.302e-06,1.0
18.4,-2.4345e-06,1.0
18.5,-2.5293e-06,1.0
18.6,-2.5293e-06,1.0
18.7,-2.5293e-06,1.0
18.8,-2.5366e-06,1.0
18.9,-2.5366e-06,1.0
19.0,-2.469e-06,1.0
19.1,-2.469e-06,1.0
19.2,-2.3202e-06,1.0
19.3,-2.1899e-06,0.0
19.4,-2.3202e-06,0.0
19.5,-2.117e-06,0.0
19.6,-2.117e-06,1.0
19.7,-2.117e-06,1.0
19.8,-2.2601e-06,1.0
19.9,-2.2601e-06,1.0
20.0,-2.3242e-06,1.0
20.1,-2.6514e-06,1.0
20.2,-2.6514e-06,1.0
20.3,-2.4349e-06,1.0
20.4,-2.4349e-06,1.0
20.5,-2.4349e-06,1.0
20.6,-2.4349e-06,1.0
20.7,-2.4623e-06,1.0
20.8,-2.4623e-06,1.0
20.9,-2.4623e-06,1.0
21.0,-2.4623e-06,1.0
21.1,-2.3308e-06,1.0
21.2,-2.2818e-06,1.0
21.3,-2.2818e-06,1.0
21.4,-2.1767e-06,1.0
21.5,-2.1767e-06,1.0
21.6,-2.1767e-06,1.0
21.7,-2.3036e-06,1.0
21.8,-2.3187e-06,1.0
21.9,-2.3187e-06,1.0
22.0,-2.3187e-06,1.0
22.1,-2.1334e-06,1.0
22.2,-2.0708e-06,1.0
22.3,-2.0708e-06,1.0
22.4,-2.1334e-06,1.0
22.5,-2.1334e-06,1.0
22.6,-2.1578e-06,1.0
22.7,-2.3901e-06,1.0
22.8,-2.3901e-06,1.0
22.9,-2.3901e-06,1.0
23.0,-2.4326e-06,1.0
23.1,-2.4345e-06,1.0
23.2,-2.4326e-06,1.0
23.3,-2.4345e-06,1.0
23.4,-2.4345e-06,1.0
23.5,-2.4341e-06,1.0
23.6,-2.1389e-06,0.0
23.7,-2.3047e-06,0.0
23.8,-2.0369e-06,0.0
23.9,-2.0369e-06,0.0
24.0,-2.2449e-06,0.0
24.1,-2.2625e-06,0.0
24.2,-2.255e-06,1.0
24.3,-2.2625e-06,1.0
24.4,-2.2625e-06,1.0
24.5,-2.5453e-06,1.0
24.6,-2.5453e-06,1.0
24.7,-2.5854e-06,1.0
24.8,-2.5854e-06,1.0
24.9,-2.5854e-06,1.0
25.0,-2.5188e-06,1.0
25.1,-2.5188e-06,1.0
25.2,-2.5188e-06,1.0
25.3,-2.5188e-06,1.0
25.4,-2.4597e-06,1.0
25.5,-2.4597e-06,1.0
25.6,-2.4597e-06,1.0
25.7,-2.4597e-06,1.0
25.8,-2.4597e-06,1.0
25.9,-2.5633e-06,1.0
26.0,-2.5273e-06,1.0
26.1,-2.5846e-06,1.0
26.2,-2.5815e-06,1.0
26.3,-2.6004e-06,1.0
26.4,-2.5815e-06,1.0
26.5,-2.5815e-06,1.0
26.6,-2.5815e-06,1.0
26.7,-2.4656e-06,1.0
26.8,-2.4656e-06,1.0
26.9,-2.4656e-06,1.0
27.0,-2.4225e-06,1.0
27.1,-2.276e-06,1.0
27.2,-2.276e-06,1.0
27.3,-2.276e-06,1.0
27.4,-1.9901e-06,0.0
27.5,-2.276e-06,0.0
27.6,-2.4133e-06,0.0
27.7,-2.4385e-06,0.0
27.8,-2.4133e-06,1.0
27.9,-2.4133e-06,1.0
28.0,-2.54e-06,1.0
28.1,-2.6826e-06,1.0
28.2,-2.8469e-06,1.0
28.3,-2.9545e-06,1.0
28.4,-2.9545e-06,1.0
28.5,-2.8469e-06,1.0
28.6,-2.6802e-06,1.0
28.7,-2.5462e-06,1.0
28.8,-2.2244e-06,0.0
28.9,-2.3552e-06,0.0
29.0,-2.3552e-06,0.0
29.1,-2.297e-06,1.0
29.2,-2.3552e-06,1.0
29.3,-2.3552e-06,1.0
29.4,-2.297e-06,1.0
29.5,-2.297e-06,1.0
29.6,-2.1266e-06,0.0
29.7,-2.1266e-06,0.0
29.8,-2.1916e-06,0.0
29.9,-2.3753e-06,0.0
30.0,-2.272e-06,0.0
30.1,-2.4043e-06,0.0
30.2,-2.272e-06,0.0
30.3,-2.272e-06,0.0
30.4,-2.272e-06,0.0
30.5,-2.6496e-06,0.0
30.6,-2.367e-06,1.0
30.7,-2.367e-06,1.0
30.8,-2.6496e-06,1.0
30.9,-2.6136e-06,1.0
31.0,-2.4454e-06,1.0
31.1,-2.4539e-06,1.0
31.2,-2.4539e-06,1.0
31.3,-2.4539e-06,1.0
31.4,-2.4539e-06,1.0
31.5,-2.4854e-06,1.0
31.6,-2.4854e-06,1.0
31.7,-2.4854e-06,1.0
31.8,-2.4328e-06,1.0
31.9,-2.4328e-06,1.0
32.0,-2.4277e-06,1.0
32.1,-2.4328e-06,1.0
32.2,-2.4446e-06,1.0
32.3,-2.4446e-06,1.0
32.4,-2.4875e-06,1.0
32.5,-2.6794e-06,1.0
32.6,-2.4875e-06,1.0
32.7,-2.3754e-06,1.0
32.8,-2.1914e-06,1.0
32.9,-2.1914e-06,1.0
33.0,-2.1914e-06,1.0
33.1,-2.2507e-06,1.0
33.2,-2.2788e-06,1.0
33.3,-2.5716e-06,1.0
33.4,-2.5716e-06,1.0
33.5,-2.5716e-06,1.0
33.6,-2.4577e-06,1.0
33.7,-2.6647e-06,1.0
33.8,-2.5743e-06,1.0
33.9,-2.6099e-06,1.0
34.0,-2.5743e-06,1.0
34.1,-2.5743e-06,1.0
34.2,-2.5655e-06,1.0
34.3,-2.3604e-06,0.0
34.4,-2.3604e-06,0.0
34.5,-2.4939e-06,0.0
34.6,-2.3604e-06,1.0
34.7,-2.4939e-06,1.0
34.8,-2.6564e-06,1.0
34.9,-2.6564e-06,1.0
35.0,-2.4401e-06,1.0
35.1,-2.4401e-06,1.0
35.2,-2.3842e-06,1.0
35.3,-2.3063e-06,0.0
35.4,-2.3842e-06,0.0
35.5,-2.3063e-06,0.0
35.6,-2.3063e-06,0.0
35.7,-2.3029e-06,1.0
35.8,-2.5198e-06,1.0
35.9,-2.7269e-06,1.0
36.0,-2.7269e-06,1.0
36.1,-2.5708e-06,1.0
36.2,-2.5708e-06,1.0
36.3,-2.5697e-06,1.0
36.4,-2.5697e-06,1.0
36.5,-2.5697e-06,1.0
36.6,-2.5833e-06,1.0
36.7,-2.5833e-06,1.0
36.8,-2.5914e-06,1.0
36.9,-2.5833e-06,1.0
37.0,-2.5162e-06,1.0
37.1,-2.268e-06,1.0
37.2,-2.4696e-06,1.0
37.3,-2.4696e-06,1.0
37.4,-2.5162e-06,1.0
37.5,-2.4696e-06,1.0
37.6,-2.5665e-06,1.0
37.7,-2.5665e-06,1.0
37.8,-2.5665e-06,1.0
37.9,-2.3497e-06,1.0
38.0,-2.5665e-06,1.0
38.1,-2.4341e-06,1.0
38.2,-2.4411e-06,1.0
38.3,-2.4411e-06,1.0
38.4,-2.4871e-06,1.0
38.5,-2.4411e-06,1.0
38.6,-2.4871e-06,1.0
38.7,-2.528e-06,1.0
38.8,-2.5536e-06,1.0
38.9,-2.6572e-06,1.0
39.0,-2.6572e-06,1.0
39.1,-2.7012e-06,1.0
39.2,-2.6572e-06,1.0
39.3,-2.6572e-06,1.0
39.4,-2.697e-06,1.0
39.5,-2.697e-06,1.0
39.6,-2.697e-06,1.0
39.7,-2.7064e-06,1.0
39.8,-2.7064e-06,1.0
39.9,-2.3831e-06,1.0
40.0,-2.1929e-06,1.0
40.1,-2.1929e-06,1.0
40.2,-2.0404e-06,1.0
40.3,-2.1929e-06,1.0
40.4,-2.2619e-06,1.0
40.5,-2.2817e-06,1.0
40.6,-2.2817e-06,1.0
40.7,-2.2817e-06,1.0
40.8,-2.4994e-06,1.0
40.9,-2.6473e-06,1.0
41.0,-2.6473e-06,1.0
41.1,-2.6224e-06,1.0
41.2,-2.6224e-06,1.0
41.3,-2.2477e-06,1.0
41.4,-2.2477e-06,1.0
41.5,-2.2477e-06,1.0
41.6,-2.2477e-06,1.0
41.7,-2.3525e-06,1.0
41.8,-2.3585e-06,1.0
41.9,-2.3672e-06,1.0
42.0,-2.3672e-06,1.0
42.1,-2.3672e-06,1.0
42.2,-2.3585e-06,0.0
42.3,-2.3672e-06,0.0
42.4,-2.2117e-06,1.0
42.5,-2.2537e-06,1.0
42.6,-2.2537e-06,1.0
42.7,-2.2888e-06,1.0
42.8,-2.2888e-06,1.0
42.9,-2.5603e-06,1.0
43.0,-2.5603e-06,1.0
43.1,-2.5603e-06,1.0
43.2,-2.6688e-06,1.0
43.3,-2.5603e-06,1.0
43.4,-2.7575e-06,1.0
43.5,-2.7575e-06,1.0
43.6,-2.4567e-06,1.0
43.7,-2.4567e-06,1.0
43.8,-2.4567e-06,1.0
43.9,-2.4567e-06,1.0
44.0,-2.3951e-06,1.0
44.1,-2.4607e-06,1.0
44.2,-2.5202e-06,1.0
44.3,-2.5784e-06,1.0
44.4,-2.5784e-06,1.0
44.5,-2.5784e-06,1.0
44.6,-2.5202e-06,1.0
44.7,-2.512e-06,1.0
44.8,-2.512e-06,1.0
44.9,-2.512e-06,1.0
45.0,-2.8017e-06,1.0
45.1,-2.8017e-06,1.0
45.2,-2.8017e-06,1.0
45.3,-2.4879e-06,1.0
45.4,-2.4879e-06,1.0
45.5,-2.4879e-06,1.0
45.6,-2.7213e-06,1.0
45.7,-2.9387e-06,1.0
45.8,-2.9387e-06,1.0
45.9,-2.7213e-06,1.0
46.0,-2.707e-06,1.0
46.1,-2.5675e-06,1.0
46.2,-2.4544e-06,1.0
46.3,-2.2772e-06,1.0
46.4,-2.2394e-06,1.0
46.5,-2.2394e-06,1.0
46.6,-2.2772e-06,1.0
46.7,-2.4411e-06,1.0
46.8,-2.6232e-06,1.0
46.9,-2.6656e-06,1.0
47.0,-2.7008e-06,1.0
47.1,-2.7008e-06,1.0
47.2,-2.7008e-06,1.0
47.3,-2.7008e-06,1.0
47.4,-2.5776e-06,1.0
47.5,-2.5277e-06,1.0
47.6,-2.4146e-06,0.0
47.7,-2.5277e-06,0.0
47.8,-2.5277e-06,0.0
47.9,-2.4146e-06,1.0
48.0,-2.6859e-06,1.0
48.1,-2.6859e-06,1.0
48.2,-2.6087e-06,1.0
48.3,-2.5921e-06,1.0
48.4,-2.5921e-06,1.0
48.5,-2.385e-06,1.0
48.6,-2.385e-06,1.0
48.7,-2.3206e-06,0.0
48.8,-2.3206e-06,0.0
48.9,-2.3514e-06,0.0
49.0,-2.5428e-06,0.0
49.1,-2.3514e-06,1.0
49.2,-2.5354e-06,1.0
49.3,-2.5428e-06,1.0
49.4,-2.5887e-06,1.0
49.5,-2.5354e-06,1.0
49.6,-2.5354e-06,1.0
49.7,-2.4657e-06,1.0
49.8,-2.4657e-06,1.0
49.9,-2.3095e-06,1.0
50.0,-2.3095e-06,1.0
50.1,-2.3095e-06,1.0
50.2,-2.3091e-06,1.0
50.3,-2.3091e-06,1.0
50.4,-2.285e-06,1.0
50.5,-2.2652e-06,0.0
50.6,-2.285e-06,0.0
50.7,-2.2652e-06,1.0
50.8,-2.2652e-06,1.0
50.9,-2.2951e-06,1.0
51.0,-2.2996e-06,1.0
51.1,-2.2996e-06,1.0
51.2,-2.4169e-06,1.0
51.3,-2.4169e-06,1.0
51.4,-2.2996e-06,1.0
51.5,-2.2536e-06,1.0
51.6,-2.2536e-06,1.0
51.7,-2.2536e-06,1.0
51.8,-2.1223e-06,1.0
51.9,-2.2536e-06,1.0
52.0,-2.2627e-06,1.0
52.1,-2.3058e-06,1.0
52.2,-2.3058e-06,1.0
52.3,-2.5683e-06,1.0
52.4,-2.5683e-06,1.0
52.5,-2.3832e-06,1.0
52.6,-2.4331e-06,1.0
52.7,-2.4331e-06,1.0
52.8,-2.4331e-06,1.0
52.9,-2.61e-06,1.0
53.0,-2.61e-06,1.0
53.1,-2.7067e-06,1.0
53.2,-2.7067e-06,1.0
53.3,-2.61e-06,1.0
53.4,-2.4506e-06,1.0
53.5,-2.4506e-06,1.0
53.6,-2.2977e-06,1.0
53.7,-2.2977e-06,1.0
53.8,-2.433e-06,1.0
53.9,-2.433e-06,1.0
54.0,-2.433e-06,1.0
54.1,-2.4689e-06,1.0
54.2,-2.8337e-06,1.0
54.3,-2.4689e-06,1.0
54.4,-2.6862e-06,1.0
54.5,-2.8337e-06,1.0
54.6,-2.6862e-06,1.0
54.7,-2.6131e-06,1.0
54.8,-2.6131e-06,1.0
54.9,-2.5017e-06,1.0
55.0,-2.5017e-06,1.0
55.1,-2.4452e-06,1.0
55.2,-2.422e-06,1.0
55.3,-2.422e-06,1.0
55.4,-2.422e-06,1.0
55.5,-2.422e-06,1.0
55.6,-2.3994e-06,0.0
55.7,-2.6389e-06,0.0
55.8,-2.3994e-06,1.0
55.9,-2.5239e-06,1.0
56.0,-2.5239e-06,1.0
56.1,-2.5239e-06,1.0
56.2,-2.5239e-06,1.0
56.3,-2.5817e-06,1.0
56.4,-2.5817e-06,1.0
56.5,-2.2545e-06,1.0
56.6,-2.6673e-06,1.0
56.7,-2.4359e-06,1.0
56.8,-2.4359e-06,1.0
56.9,-2.4359e-06,1.0
57.0,-2.4359e-06,1.0
57.1,-2.4359e-06,1.0
57.2,-2.5572e-06,1.0
57.3,-2.4924e-06,1.0
57.4,-2.4924e-06,1.0
57.5,-2.4952e-06,1.0
57.6,-2.4924e-06,1.0
57.7,-2.389e-06,1.0
57.8,-2.389e-06,1.0
57.9,-2.4004e-06,1.0
58.0,-2.4004e-06,1.0
58.1,-2.4004e-06,1.0
58.2,-2.4004e-06,1.0
58.3,-2.4004e-06,1.0
58.4,-2.4802e-06,1.0
58.5,-2.4154e-06,0.0
58.6,-2.4802e-06,0.0
58.7,-2.4802e-06,0.0
58.8,-2.4154e-06,0.0
58.9,-2.4154e-06,0.0
59.0,-2.4613e-06,0.0
59.1,-2.3847e-06,1.0
59.2,-2.4613e-06,1.0
59.3,-2.4656e-06,1.0
59.4,-2.5108e-06,1.0
59.5,-2.5057e-06,1.0
59.6,-2.6486e-06,1.0
59.7,-2.6486e-06,1.0
59.8,-2.6486e-06,1.0
59.9,-2.5057e-06,1.0
60.0,-2.7888e-06,1.0
60.1,-2.4214e-06,1.0
60.2,-2.5802e-06,1.0
60.3,-2.5802e-06,1.0
60.4,-2.5802e-06,1.0
60.5,-2.5687e-06,1.0
60.6,-2.5802e-06,1.0
60.7,-2.5687e-06,1.0
60.8,-2.5687e-06,1.0
60.9,-2.4458e-06,1.0
61.0,-2.4458e-06,1.0
61.1,-2.4458e-06,1.0
61.2,-2.4623e-06,1.0
61.3,-2.2872e-06,1.0
61.4,-2.4337e-06,1.0
61.5,-2.4623e-06,1.0
61.6,-2.7268e-06,1.0
61.7,-2.5758e-06,1.0
61.8,-2.5758e-06,1.0
61.9,-2.7268e-06,1.0
62.0,-2.5909e-06,1.0
62.1,-2.5909e-06,1.0
62.2,-2.5909e-06,1.0
62.3,-2.5909e-06,1.0
62.4,-2.5004e-06,1.0
62.5,-2.5004e-06,1.0
62.6,-2.5004e-06,1.0
62.7,-2.5004e-06,1.0
62.8,-2.6866e-06,1.0
62.9,-2.7367e-06,1.0
63.0,-2.6866e-06,1.0
63.1,-2.4293e-06,1.0
63.2,-2.6579e-06,1.0
63.3,-2.4149e-06,1.0
63.4,-2.1506e-06,1.0
63.5,-2.4149e-06,1.0
63.6,-2.5708e-06,1.0
63.7,-2.5708e-06,1.0
63.8,-2.5708e-06,1.0
63.9,-2.5708e-06,1.0
64.0,-2.588e-06,1.0
64.1,-2.5132e-06,1.0
64.2,-2.4589e-06,1.0
64.3,-2.4589e-06,1.0
64.4,-2.3986e-06,1.0
64.5,-2.3986e-06,1.0
64.6,-2.3532e-06,1.0
64.7,-2.3532e-06,1.0
64.8,-2.3532e-06,1.0
64.9,-2.4808e-06,1.0
65.0,-2.1925e-06,1.0
65.1,-2.1925e-06,1.0
65.2,-2.1838e-06,1.0
65.3,-2.1838e-06,1.0
65.4,-2.1838e-06,1.0
65.5,-2.2904e-06,1.0
65.6,-2.2904e-06,1.0
65.7,-2.5064e-06,1.0
65.8,-2.5064e-06,1.0
65.9,-2.5064e-06,1.0
66.0,-2.6588e-06,1.0
66.1,-2.6588e-06,1.0
66.2,-2.248e-06,0.0
66.3,-2.5042e-06,0.0
66.4,-2.248e-06,0.0
66.5,-2.2313e-06,0.0
66.6,-2.2313e-06,0.0
66.7,-2.3332e-06,0.0
66.8,-2.3065e-06,1.0
66.9,-2.3332e-06,1.0
67.0,-2.3332e-06,1.0
67.1,-2.3332e-06,1.0
67.2,-2.4982e-06,1.0
67.3,-2.4982e-06,1.0
67.4,-2.4202e-06,1.0
67.5,-2.4202e-06,1.0
67.6,-2.3852e-06,1.0
67.7,-2.2697e-06,1.0
67.8,-2.2697e-06,1.0
67.9,-2.2477e-06,1.0
68.0,-2.2477e-06,1.0
68.1,-2.1417e-06,1.0
68.2,-2.1417e-06,1.0
68.3,-2.1417e-06,1.0
68.4,-2.1173e-06,1.0
68.5,-2.1173e-06,1.0
68.6,-2.383e-06,1.0
68.7,-2.3788e-06,1.0
68.8,-2.3788e-06,1.0
68.9,-2.3788e-06,0.0
69.0,-2.3788e-06,0.0
69.1,-2.3788e-06,0.0
69.2,-2.4888e-06,0.0
69.3,-2.2775e-06,0.0
69.4,-2.3423e-06,0.0
69.5,-2.5356e-06,0.0
69.6,-2.8109e-06,0.0
69.7,-2.3423e-06,1.0
69.8,-2.9036e-06,1.0
69.9,-2.9036e-06,1.0
70.0,-2.6945e-06,1.0
70.1,-2.6871e-06,1.0
70.2,-2.6871e-06,1.0
70.3,-2.3021e-06,1.0
70.4,-2.6871e-06,1.0
70.5,-2.6388e-06,1.0
70.6,-2.6388e-06,1.0
70.7,-2.6388e-06,1.0
70.8,-2.6388e-06,1.0
70.9,-2.6388e-06,1.0
71.0,-2.6219e-06,1.0
71.1,-2.4192e-06,1.0
71.2,-2.3765e-06,0.0
71.3,-2.4192e-06,0.0
71.4,-2.4192e-06,0.0
71.5,-2.2158e-06,1.0
71.6,-2.5512e-06,1.0
71.7,-2.5512e-06,1.0
71.8,-2.5512e-06,1.0
71.9,-2.4761e-06,1.0
72.0,-2.4761e-06,1.0
72.1,-2.4761e-06,1.0
72.2,-2.6235e-06,1.0
72.3,-2.4761e-06,1.0
72.4,-2.4623e-06,1.0
72.5,-2.3993e-06,1.0
72.6,-2.3993e-06,1.0
72.7,-2.3993e-06,1.0
72.8,-2.4137e-06,1.0
72.9,-2.4231e-06,1.0
73.0,-2.5526e-06,1.0
73.1,-2.475e-06,1.0
73.2,-2.475e-06,1.0
73.3,-2.475e-06,1.0
73.4,-2.3796e-06,1.0
73.5,-2.3796e-06,1.0
73.6,-2.2943e-06,1.0
73.7,-2.3796e-06,1.0
73.8,-2.5125e-06,1.0
73.9,-2.5125e-06,1.0
74.0,-2.5125e-06,1.0
74.1,-2.5125e-06,1.0
74.2,-2.3454e-06,1.0
74.3,-2.3304e-06,1.0
74.4,-2.3304e-06,1.0
74.5,-2.2985e-06,1.0
74.6,-2.1273e-06,1.0
74.7,-2.3304e-06,1.0
74.8,-2.376e-06,1.0
74.9,-2.376e-06,1.0
75.0,-2.4468e-06,1.0
75.1,-2.6961e-06,1.0
75.2,-2.6961e-06,1.0
75.3,-2.5107e-06,1.0
75.4,-2.4468e-06,1.0
75.5,-2.2778e-06,0.0
75.6,-2.2778e-06,0.0
75.7,-2.3838e-06,0.0
75.8,-2.2778e-06,1.0
75.9,-2.3838e-06,1.0
76.0,-2.3838e-06,1.0
76.1,-2.3838e-06,1.0
76.2,-2.3885e-06,1.0
76.3,-2.3885e-06,1.0
76.4,-2.3885e-06,1.0
76.5,-2.3885e-06,1.0
76.6,-2.17e-06,1.0
76.7,-2.17e-06,1.0
76.8,-2.5586e-06,1.0
76.9,-2.571e-06,1.0
77.0,-2.6197e-06,1.0
77.1,-2.6197e-06,1.0
77.2,-2.7172e-06,1.0
77.3,-2.571e-06,1.0
77.4,-2.4234e-06,1.0
77.5,-2.2787e-06,1.0
77.6,-2.4234e-06,1.0
77.7,-2.4234e-06,1.0
77.8,-2.4495e-06,1.0
77.9,-2.4495e-06,1.0
78.0,-2.6876e-06,1.0
78.1,-2.4495e-06,1.0
78.2,-2.583e-06,1.0
78.3,-2.5433e-06,1.0
78.4,-2.5433e-06,1.0
78.5,-2.3204e-06,1.0
78.6,-2.3204e-06,1.0
78.7,-2.3204e-06,1.0
78.8,-2.1646e-06,1.0
78.9,-2.1646e-06,1.0
79.0,-2.0421e-06,1.0
79.1,-2.0421e-06,1.0
79.2,-2.0421e-06,1.0
79.3,-2.2294e-06,1.0
79.4,-2.2294e-06,1.0
79.5,-2.4833e-06,1.0
79.6,-2.4833e-06,1.0
79.7,-2.4833e-06,1.0
79.8,-2.6719e-06,1.0
79.9,-2.1902e-06,1.0
80.0,-2.1902e-06,0.0
80.1,-2.1902e-06,0.0
80.2,-2.4205e-06,0.0
80.3,-2.2622e-06,0.0
80.4,-2.2622e-06,0.0
80.5,-2.2622e-06,0.0
80.6,-2.3293e-06,0.0
80.7,-2.2622e-06,1.0
80.8,-2.3293e-06,1.0
80.9,-2.4114e-06,1.0
81.0,-2.4326e-06,1.0
81.1,-2.4326e-06,1.0
81.2,-2.5246e-06,1.0
81.3,-2.5251e-06,1.0
81.4,-2.5251e-06,1.0
81.5,-2.4168e-06,1.0
81.6,-2.2616e-06,1.0
81.7,-2.2616e-06,1.0
81.8,-2.1527e-06,0.0
81.9,-2.171e-06,0.0
82.0,-2.171e-06,0.0
82.1,-2.0923e-06,0.0
82.2,-2.0891e-06,1.0
82.3,-2.0923e-06,1.0
82.4,-2.0923e-06,1.0
82.5,-2.2771e-06,1.0
82.6,-2.2771e-06,1.0
82.7,-2.2771e-06,1.0
82.8,-2.2771e-06,1.0
82.9,-2.2638e-06,1.0
83.0,-2.2489e-06,1.0
83.1,-2.2638e-06,1.0
83.2,-2.3365e-06,1.0
83.3,-2.3365e-06,1.0
83.4,-2.3365e-06,1.0
83.5,-2.3365e-06,1.0
83.6,-2.3901e-06,1.0
83.7,-2.356e-06,1.0
83.8,-2.1129e-06,1.0
83.9,-2.356e-06,1.0
84.0,-2.356e-06,1.0
84.1,-2.356e-06,1.0
84.2,-2.4842e-06,1.0
84.3,-2.4842e-06,1.0
84.4,-2.2976e-06,1.0
84.5,-2.2976e-06,1.0
84.6,-2.2976e-06,1.0
84.7,-2.2854e-06,1.0
84.8,-2.2854e-06,1.0
84.9,-2.2117e-06,1.0
85.0,-2.1876e-06,1.0
85.1,-2.1876e-06,1.0
85.2,-2.1876e-06,1.0
85.3,-2.2768e-06,1.0
85.4,-2.3162e-06,1.0
85.5,-2.5718e-06,1.0
85.6,-2.3208e-06,0.0
85.7,-2.6137e-06,0.0
85.8,-2.6137e-06,0.0
85.9,-2.426e-06,0.0
86.0,-2.426e-06,0.0
86.1,-2.5536e-06,0.0
86.2,-2.426e-06,1.0
86.3,-2.5536e-06,1.0
86.4,-2.5536e-06,1.0
86.5,-2.5601e-06,1.0
86.6,-2.5601e-06,1.0
86.7,-2.5601e-06,1.0
86.8,-2.5601e-06,1.0
86.9,-2.6457e-06,1.0
87.0,-2.6457e-06,1.0
87.1,-2.439e-06,1.0
87.2,-2.588e-06,1.0
87.3,-2.439e-06,1.0
87.4,-2.3559e-06,1.0
87.5,-2.3559e-06,1.0
87.6,-2.3699e-06,1.0
87.7,-2.3699e-06,1.0
87.8,-2.4383e-06,1.0
87.9,-2.4383e-06,1.0
88.0,-2.4383e-06,1.0
88.1,-2.4269e-06,1.0
88.2,-2.2334e-06,1.0
88.3,-2.2334e-06,1.0
88.4,-2.2334e-06,1.0
88.5,-2.5376e-06,1.0
88.6,-2.5376e-06,1.0
88.7,-2.5695e-06,1.0
88.8,-2.558e-06,1.0
88.9,-2.558e-06,1.0
89.0,-2.558e-06,1.0
89.1,-2.5773e-06,1.0
89.2,-2.558e-06,1.0
89.3,-2.5773e-06,1.0
89.4,-2.3319e-06,1.0
89.5,-2.3319e-06,1.0
89.6,-2.3319e-06,1.0
89.7,-2.7769e-06,1.0
89.8,-2.7769e-06,1.0
89.9,-2.7769e-06,1.0
90.0,-2.7769e-06,1.0
90.1,-2.7769e-06,1.0
90.2,-2.581e-06,1.0
90.3,-2.581e-06,1.0
90.4,-2.581e-06,1.0
90.5,-2.5644e-06,1.0
90.6,-2.5644e-06,1.0
90.7,-2.5644e-06,1.0
90.8,-2.4111e-06,1.0
90.9,-2.4111e-06,1.0
91.0,-2.4111e-06,1.0
91.1,-2.3305e-06,1.0
91.2,-2.3305e-06,1.0
91.3,-2.2952e-06,1.0
91.4,-2.2811e-06,1.0
91.5,-2.2952e-06,1.0
91.6,-2.2952e-06,1.0
91.7,-2.2952e-06,1.0
91.8,-2.3032e-06,1.0
91.9,-2.4127e-06,1.0
92.0,-2.387e-06,1.0
92.1,-2.387e-06,1.0
92.2,-2.4127e-06,1.0
92.3,-2.5549e-06,1.0
92.4,-2.5549e-06,1.0
92.5,-2.5549e-06,1.0
92.6,-2.4428e-06,1.0
92.7,-2.4326e-06,1.0
92.8,-2.2678e-06,0.0
92.9,-2.4326e-06,0.0
93.0,-2.2466e-06,0.0
93.1,-2.2466e-06,1.0
93.2,-2.2466e-06,1.0
93.3,-2.4468e-06,1.0
93.4,-2.5723e-06,1.0
93.5,-2.5723e-06,1.0
93.6,-2.4581e-06,1.0
93.7,-2.5723e-06,1.0
93.8,-2.4581e-06,1.0
93.9,-2.4581e-06,1.0
94.0,-2.3054e-06,1.0
94.1,-2.5106e-06,1.0
94.2,-2.5106e-06,1.0
94.3,-2.5106e-06,1.0
94.4,-2.479e-06,1.0
94.5,-2.5106e-06,1.0
94.6,-2.6966e-06,1.0
94.7,-2.634e-06,1.0
94.8,-2.634e-06,1.0
94.9,-2.634e-06,1.0
95.0,-2.1917e-06,1.0
95.1,-2.181e-06,1.0
95.2,-2.181e-06,1.0
95.3,-2.181e-06,1.0
95.4,-2.181e-06,1.0
95.5,-2.1625e-06,1.0
95.6,-2.1625e-06,1.0
95.7,-2.1625e-06,1.0
95.8,-2.09e-06,1.0
95.9,-2.09e-06,1.0
96.0,-2.09e-06,1.0
96.1,-2.5814e-06,1.0
96.2,-2.5814e-06,1.0
96.3,-2.5814e-06,1.0
96.4,-2.5814e-06,1.0
96.5,-2.4323e-06,1.0
96.6,-2.4274e-06,1.0
96.7,-2.4216e-06,1.0
96.8,-2.4216e-06,1.0
96.9,-2.3396e-06,1.0
97.0,-2.3396e-06,1.0
97.1,-2.3396e-06,1.0
97.2,-2.0545e-06,1.0
97.3,-2.0545e-06,1.0
97.4,-2.0545e-06,1.0
97.5,-2.0545e-06,1.0
97.6,-2.2801e-06,1.0
97.7,-2.5274e-06,1.0
97.8,-2.5274e-06,1.0
97.9,-2.5274e-06,1.0
98.0,-2.5712e-06,1.0
98.1,-2.6406e-06,1.0
98.2,-2.201e-06,1.0
98.3,-2.5716e-06,1.0
98.4,-2.5716e-06,1.0
98.5,-2.5703e-06,1.0
98.6,-2.5703e-06,1.0
98.7,-2.5703e-06,1.0
98.8,-2.539e-06,1.0
98.9,-2.539e-06,1.0
99.0,-2.4228e-06,1.0
99.1,-2.2174e-06,0.0
99.2,-2.4228e-06,0.0
99.3,-2.218e-06,1.0
99.4,-2.218e-06,1.0
99.5,-2.2731e-06,1.0
99.6,-2.2941e-06,1.0
99.7,-2.2941e-06,1.0
99.8,-2.3847e-06,1.0
99.9,-2.5108e-06,1.0
100.0,-2.5792e-06,1.0
100.1,-2.6283e-06,1.0
100.2,-2.6283e-06,1.0
100.3,-2.6283e-06,1.0
100.4,-2.4403e-06,1.0
100.5,-2.4403e-06,1.0
100.6,-2.3911e-06,1.0
100.7,-2.1359e-06,0.0
100.8,-2.1359e-06,0.0
100.9,-2.5994e-06,0.0
101.0,-2.1359e-06,0.0
101.1,-2.0118e-06,0.0
101.2,-2.5994e-06,0.0
101.3,-2.3055e-06,1.0
101.4,-2.3055e-06,1.0
101.5,-2.5514e-06,1.0
101.6,-2.6555e-06,1.0
101.7,-2.6555e-06,1.0
101.8,-2.6555e-06,1.0
101.9,-2.5514e-06,1.0
102.0,-2.3849e-06,1.0
102.1,-2.3103e-06,1.0
102.2,-2.3103e-06,1.0
102.3,-2.3103e-06,1.0
102.4,-2.4336e-06,1.0
102.5,-2.5446e-06,1.0
102.6,-2.7072e-06,1.0
102.7,-2.7072e-06,1.0
102.8,-2.5446e-06,1.0
102.9,-2.3292e-06,1.0
103.0,-2.2911e-06,1.0
103.1,-2.2911e-06,1.0
103.2,-2.3292e-06,1.0
103.3,-2.3292e-06,1.0
103.4,-2.4408e-06,1.0
103.5,-2.4677e-06,1.0
103.6,-2.5601e-06,1.0
103.7,-2.5721e-06,1.0
103.8,-2.5721e-06,1.0
103.9,-2.5721e-06,1.0
104.0,-2.28e-06,1.0
104.1,-2.28e-06,1.0
104.2,-2.0008e-06,1.0
104.3,-2.0008e-06,1.0
104.4,-2.4355e-06,1.0
104.5,-2.6872e-06,1.0
104.6,-2.7673e-06,1.0
104.7,-2.7673e-06,1.0
104.8,-2.6872e-06,1.0
104.9,-2.4005e-06,1.0
105.0,-2.4005e-06,1.0
105.1,-2.3928e-06,1.0
105.2,-2.3928e-06,0.0
105.3,-2.3928e-06,0.0
105.4,-2.5358e-06,0.0
105.5,-2.3928e-06,1.0
105.6,-2.5358e-06,1.0
105.7,-2.5358e-06,1.0
105.8,-2.5358e-06,1.0
105.9,-2.4286e-06,1.0
106.0,-2.4286e-06,1.0
106.1,-2.3088e-06,1.0
106.2,-2.3088e-06,1.0
106.3,-2.3088e-06,1.0
106.4,-2.3046e-06,0.0
106.5,-2.4551e-06,0.0
106.6,-2.5156e-06,0.0
106.7,-2.5156e-06,0.0
106.8,-2.3671e-06,0.0
106.9,-2.7088e-06,0.0
107.0,-2.3671e-06,0.0
107.1,-2.3273e-06,0.0
107.2,-2.0903e-06,1.0
107.3,-2.3273e-06,1.0
107.4,-2.3273e-06,1.0
107.5,-2.3609e-06,1.0
107.6,-2.4364e-06,1.0
107.7,-2.4364e-06,1.0
107.8,-2.5249e-06,1.0
107.9,-2.6526e-06,1.0
108.0,-2.5249e-06,1.0
108.1,-2.3848e-06,1.0
108.2,-2.5249e-06,1.0
108.3,-2.6104e-06,1.0
108.4,-2.5921e-06,1.0
108.5,-2.6104e-06,1.0
108.6,-2.6141e-06,1.0
108.7,-2.6141e-06,1.0
108.8,-2.7565e-06,1.0
108.9,-2.8348e-06,1.0
109.0,-2.8348e-06,1.0
109.1,-2.7565e-06,1.0
109.2,-2.5908e-06,1.0
109.3,-2.5908e-06,1.0
109.4,-2.3283e-06,0.0
109.5,-2.5908e-06,0.0
109.6,-2.3283e-06,1.0
109.7,-2.7874e-06,1.0
109.8,-2.4582e-06,1.0
109.9,-2.5916e-06,1.0
110.0,-2.4582e-06,1.0
110.1,-2.5916e-06,1.0
110.2,-2.5916e-06,1.0
110.3,-2.5916e-06,1.0
110.4,-2.6765e-06,1.0
110.5,-2.8415e-06,1.0
110.6,-2.6765e-06,1.0
110.7,-2.6765e-06,1.0
110.8,-2.6765e-06,1.0
110.9,-2.7933e-06,1.0
111.0,-2.6479e-06,1.0
111.1,-2.7279e-06,1.0
111.2,-2.7279e-06,1.0
111.3,-2.7279e-06,1.0
111.4,-2.7279e-06,1.0
111.5,-2.7279e-06,1.0
111.6,-2.5723e-06,1.0
111.7,-2.4468e-06,1.0
111.8,-2.5723e-06,1.0
111.9,-2.4468e-06,1.0
112.0,-2.3283e-06,0.0
112.1,-2.4468e-06,0.0
112.2,-2.3792e-06,1.0
112.3,-2.3792e-06,1.0
112.4,-2.3835e-06,1.0
112.5,-2.3835e-06,1.0
112.6,-2.3835e-06,1.0
112.7,-2.3835e-06,1.0
112.8,-2.5022e-06,1.0
112.9,-2.5022e-06,1.0
113.0,-2.5022e-06,1.0
113.1,-2.5022e-06,1.0
113.2,-2.5114e-06,1.0
113.3,-2.5758e-06,1.0
113.4,-2.5758e-06,1.0
113.5,-2.5758e-06,1.0
113.6,-2.5279e-06,1.0
113.7,-2.5279e-06,1.0
113.8,-2.5043e-06,1.0
113.9,-2.5279e-06,1.0
114.0,-2.3935e-06,1.0
114.1,-2.3935e-06,1.0
114.2,-2.3904e-06,1.0
114.3,-2.3935e-06,1.0
114.4,-2.3935e-06,1.0
114.5,-2.6201e-06,1.0
114.6,-2.6201e-06,1.0
114.7,-2.6233e-06,1.0
114.8,-2.6201e-06,1.0
114.9,-2.6201e-06,1.0
115.0,-2.5769e-06,1.0
115.1,-2.713e-06,1.0
115.2,-2.6971e-06,1.0
115.3,-2.6971e-06,1.0
115.4,-2.6971e-06,1.0
115.5,-2.6971e-06,1.0
115.6,-2.5281e-06,1.0
115.7,-2.5281e-06,1.0
115.8,-2.5281e-06,1.0
115.9,-2.5281e-06,1.0
116.0,-2.5281e-06,1.0
116.1,-2.5604e-06,1.0
116.2,-2.612e-06,1.0
116.3,-2.612e-06,1.0
116.4,-2.6756e-06,1.0
116.5,-2.7718e-06,1.0
116.6,-2.7718e-06,1.0
116.7,-2.6491e-06,1.0
116.8,-2.6491e-06,1.0
116.9,-2.6491e-06,1.0
117.0,-2.4341e-06,1.0
117.1,-2.3445e-06,1.0
117.2,-2.3445e-06,1.0
117.3,-2.2822e-06,1.0
117.4,-2.2534e-06,1.0
117.5,-2.2822e-06,1.0
117.6,-2.2822e-06,1.0
117.7,-2.3021e-06,1.0
117.8,-2.5861e-06,1.0
117.9,-2.5861e-06,1.0
118.0,-2.5833e-06,1.0
118.1,-2.5833e-06,1.0
118.2,-2.5484e-06,1.0
118.3,-2.5484e-06,1.0
118.4,-2.5484e-06,1.0
118.5,-2.4304e-06,1.0
118.6,-2.3898e-06,1.0
118.7,-2.4304e-06,1.0
118.8,-2.4304e-06,1.0
118.9,-2.5454e-06,1.0
119.0,-2.5454e-06,1.0
119.1,-2.6249e-06,1.0
119.2,-2.5454e-06,1.0
119.3,-2.5454e-06,1.0
119.4,-2.4367e-06,1.0
119.5,-2.6249e-06,1.0
119.6,-2.6923e-06,1.0
119.7,-2.6923e-06,1.0
119.8,-2.6923e-06,1.0
119.9,-2.6923e-06,1.0
120.0,-2.4806e-06,1.0
120.1,-2.4806e-06,1.0
120.2,-2.4749e-06,1.0
120.3,-2.4749e-06,1.0
120.4,-2.4749e-06,1.0
120.5,-2.4991e-06,1.0
120.6,-2.3894e-06,1.0
120.7,-2.4991e-06,1.0
120.8,-2.2465e-06,1.0
120.9,-2.2465e-06,1.0
121.0,-2.1538e-06,1.0
121.1,-2.1538e-06,1.0
121.2,-2.1538e-06,1.0
121.3,-2.4338e-06,1.0
121.4,-2.5231e-06,1.0
121.5,-2.5231e-06,1.0
121.6,-2.5231e-06,1.0
121.7,-2.4238e-06,1.0
121.8,-2.4238e-06,1.0
121.9,-2.4118e-06,0.0
122.0,-2.4118e-06,0.0
122.1,-2.6286e-06,0.0
122.2,-2.6286e-06,0.0
122.3,-2.2541e-06,1.0
122.4,-2.2623e-06,1.0
122.5,-2.2623e-06,1.0
122.6,-2.2623e-06,1.0
122.7,-2.2623e-06,1.0
122.8,-2.396e-06,1.0
122.9,-2.4826e-06,1.0
123.0,-2.4826e-06,1.0
123.1,-2.4949e-06,1.0
123.2,-2.4949e-06,1.0
123.3,-2.4949e-06,1.0
123.4,-2.4021e-06,1.0
123.5,-2.4021e-06,1.0
123.6,-2.4021e-06,1.0
123.7,-2.46e-06,1.0
123.8,-2.5379e-06,1.0
123.9,-2.5379e-06,1.0
124.0,-2.5379e-06,1.0
124.1,-2.46e-06,1.0
124.2,-2.4029e-06,0.0
124.3,-2.4029e-06,0.0
124.4,-2.5649e-06,0.0
124.5,-2.4029e-06,0.0
124.6,-2.4029e-06,0.0
