normalized_time,normalized_current
0.0,-0.638744429581548
0.005025125628140704,-0.6058270866895094
0.010050251256281407,-0.5729097437974722
0.01507537688442211,-0.5399924009054335
0.020100502512562814,-0.5205955807694538
0.02512562814070352,-0.5296371975227223
0.03015075376884422,-0.5316138156823432
0.035175879396984924,-0.5336226128361298
0.04020100502512563,-0.5421630443888065
0.04522613065326633,-0.4241453976925893
0.05025125628140704,-0.2967398614312646
0.05527638190954774,-0.17297709187489774
0.06030150753768844,-0.045521748149632675
0.06532663316582915,-0.0141989889361585
0.07035175879396985,-0.006411525251186382
0.07537688442211056,-0.014282600449383712
0.08040201005025126,-0.0699378833954088
0.08542713567839195,-0.11834101658705021
0.09045226130653267,-0.16631603947639517
0.09547738693467336,-0.23250022599296793
0.10050251256281408,-0.2505124823892174
0.10552763819095477,-0.26622049699542905
0.11055276381909548,-0.2876726220983371
0.11557788944723618,-0.30140941941248833
0.12060301507537688,-0.22483506252647956
0.12562814070351758,-0.15035432009430394
0.1306532663316583,-0.08232012512983808
0.135678391959799,-0.014139539938489832
0.1407035175879397,0.010529263137996292
0.1457286432160804,0.017968388811073606
0.15075376884422112,0.015210038780910528
0.15577889447236182,0.012742373990357214
0.16080402010050251,0.006956845661206313
0.1658291457286432,0.010424218252994463
0.1708542713567839,0.015752674872195886
0.17587939698492464,0.019616298821514944
0.18090452261306533,0.0234294273062973
0.18592964824120603,0.06042963507928172
0.19095477386934673,0.08687679784660547
0.19597989949748745,0.11395206452735457
0.20100502512562815,0.14731965951947756
0.20603015075376885,0.15291232581304914
0.21105527638190955,0.09244141969596961
0.21608040201005024,0.04579622493198496
0.22110552763819097,0.004021069508359472
0.22613065326633167,-0.03705871267103262
0.23115577889447236,-0.03822519902376842
0.23618090452261306,-0.023843227014044344
0.24120603015075376,-0.007323095996642893
0.24623115577889448,0.008218852009240484
0.25125628140703515,0.02974656727501349
0.2562814070351759,0.07292202635457817
0.2613065326633166,0.1155737116988592
0.2663316582914573,0.15333685479167986
0.271356783919598,0.18821740352420077
0.2763819095477387,0.19456519959257296
0.2814070351758794,0.18903788892060458
0.2864321608040201,0.18563200581984862
0.2914572864321608,0.18147111344173228
0.2964824120603015,0.17758531603934696
0.30150753768844224,0.16314361397868163
0.3065326633165829,0.14925836157929487
0.31155778894472363,0.13501057101735583
0.3165829145728643,0.12773470457003178
0.32160804020100503,0.13405419392556245
0.32663316582914576,0.14153904712626797
0.3316582914572864,0.14388745653932716
0.33668341708542715,0.14002564488951003
0.3417085427135678,0.13435331297363698
0.34673366834170855,0.12485276946270381
0.35175879396984927,0.10910270236508804
0.35678391959798994,0.07622000510198716
0.36180904522613067,0.04089985936158004
0.36683417085427134,-0.0017091764262625226
0.37185929648241206,-0.04643644597151954
0.3768844221105528,-0.09160557996677045
0.38190954773869346,-0.14000059803804418
0.3869346733668342,-0.18868067949521283
0.3919597989949749,-0.22847923890241578
0.3969849246231156,-0.2634567477052386
0.4020100502512563,-0.29833421184745057
0.40703517587939697,-0.3327590173541093
0.4120603015075377,-0.45220996635767857
0.4170854271356784,-0.5962857536925553
0.4221105527638191,-0.7415226820920154
0.4271356783919598,-0.8876250997179231
0.4321608040201005,-0.899848643761695
0.4371859296482412,-0.8516564804789674
0.44221105527638194,-0.8025039725593792
0.4472361809045226,-0.7449566332249921
0.45226130653266333,-0.6834325088244222
0.457286432160804,-0.6356944229956061
0.4623115577889447,-0.5904570983310813
0.46733668341708545,-0.4807955510820874
0.4723618090452261,-0.4021498704717557
0.47738693467336685,-0.3474904510771419
0.4824120603015075,-0.28954565390433806
0.48743718592964824,-0.29026799615347315
0.49246231155778897,-0.29014128249629273
0.49748743718592964,-0.2915832721729854
0.5025125628140703,-0.27850655749403375
0.507537688442211,-0.25091113845943924
0.5125628140703518,-0.218305350213715
0.5175879396984925,-0.17948831899971454
0.5226130653266332,-0.13724444444454012
0.5276381909547738,-0.09617878470055641
0.5326633165829145,-0.04724241136091569
0.5376884422110553,0.008297744671925586
0.542713567839196,0.0694996889623042
0.5477386934673367,0.14785608697481198
0.5527638190954774,0.1432830321971822
0.5577889447236181,0.07931480972873198
0.5628140703517588,-0.014276429529877462
0.5678391959798995,-0.11520884055429453
0.5728643216080402,-0.11356021134238167
0.577889447236181,-0.058521437159809876
0.5829145728643216,0.0012690403789434373
0.5879396984924623,0.057161232761331705
0.592964824120603,0.06269811951746114
0.5979899497487438,0.0349495144551859
0.6030150753768845,-0.001982755052505145
0.6080402010050251,-0.03825482324587801
0.6130653266331658,0.010055343261076509
0.6180904522613065,0.09883652364187619
0.6231155778894473,0.1921597581155986
0.628140703517588,0.2704862978095661
0.6331658291457286,0.27484481334988276
0.6381909547738693,0.27673093494601025
0.6432160804020101,0.2762320427506801
0.6482412060301508,0.2734362034215043
0.6532663316582915,0.27339067211557394
0.6582914572864321,0.2760249846293843
0.6633165829145728,0.2715472772025267
0.6683417085427136,0.25129243250535
0.6733668341708543,0.20319204655338116
0.678391959798995,0.15925912526086197
0.6834170854271356,0.12911095994205582
0.6884422110552764,0.14682510648367597
0.6934673366834171,0.18210993680980048
0.6984924623115578,0.21579299342197586
0.7035175879396985,0.2510187923490097
0.7085427135678392,0.254223945648514
0.7135678391959799,0.25424177524698005
0.7185929648241206,0.25488412403687966
0.7236180904522613,0.26889944715081104
0.7286432160804021,0.3140298348881491
0.7336683417085427,0.3569156927271253
0.7386934673366834,0.39798507290790885
0.7437185929648241,0.4003017477898479
0.7487437185929648,0.38104298593715186
0.7537688442211056,0.39775156639003323
0.7587939698492463,0.4120560423851617
0.7638190954773869,0.4275286959340597
0.7688442211055276,0.4764303045526733
0.7738693467336684,0.517601417299079
0.7788944723618091,0.5298785537447688
0.7839195979899498,0.5425914104288544
0.7889447236180904,0.5034779037331688
0.7939698492462312,0.4605142610046957
0.7989949748743719,0.419282976832412
0.8040201005025126,0.3822499912183503
0.8090452261306533,0.35849684420643624
0.8140703517587939,0.33533144239171314
0.8190954773869347,0.3168191326239671
0.8241206030150754,0.3082247545383662
0.8291457286432161,0.30483409553795754
0.8341708542713568,0.30204976243695286
0.8391959798994975,0.30446639957211435
0.8442211055276382,0.30885430916906287
0.8492462311557789,0.2456845942048248
0.8542713567839196,0.05789103713479113
0.8592964824120604,-0.13021143140917413
0.864321608040201,-0.3201796754272866
0.8693467336683417,-0.12121482426797098
0.8743718592964824,0.07599240530752376
0.8793969849246231,0.2542649424541195
0.8844221105527639,0.2758153654434483
0.8894472361809045,0.20404267439102677
0.8944723618090452,0.12828172282423525
0.8994974874371859,0.09126182089249389
0.9045226130653267,0.13310959829957406
0.9095477386934674,0.18058135782473178
0.914572864321608,0.22595278807116306
0.9195979899497487,0.24107676538946757
0.9246231155778895,0.14466992166126838
0.9296482412060302,0.03085153077980523
0.9346733668341709,-0.08646915589244111
0.9396984924623115,-0.17273039258583994
0.9447236180904522,-0.09821560759896035
0.949748743718593,-0.01429840249216157
0.9547738693467337,0.06632459255912278
0.9597989949748744,0.13953184579564848
0.964824120603015,0.15836848688344723
0.9698492462311558,0.1694535663692046
0.9748743718592965,0.17918190452319735
0.9798994974874372,0.2153947016923393
0.9849246231155779,0.19847683510516767
0.9899497487437187,0.1203061260460074
0.9949748743718593,0.04213541698685145
1.0,-0.0360352920723085
