normalized_time,mean_current
0.0,-0.4294890895020423
0.005025125628140704,-0.43940799285236837
0.010050251256281407,-0.4493268962026943
0.01507537688442211,-0.45902231478349087
0.020100502512562814,-0.4678293203712486
0.02512562814070352,-0.40276436014676165
0.03015075376884422,-0.2559531734459574
0.035175879396984924,-0.10719951334082503
0.04020100502512563,0.03668222454361748
0.04522613065326633,0.20719035296163932
0.05025125628140704,0.2844582947897547
0.05527638190954774,0.32655713879476533
0.06030150753768844,0.3693371577091526
0.06532663316582915,0.43854693216170887
0.07035175879396985,0.3558477631096347
0.07537688442211056,0.3310922527034151
0.08040201005025126,0.28179185107620014
0.08542713567839195,0.21432710801495938
0.09045226130653267,0.1672894607729249
0.09547738693467336,0.1080534201439176
0.10050251256281408,0.033319531552773264
0.10552763819095477,-0.04042310402817583
0.11055276381909548,-0.09095776342775426
0.11557788944723618,-0.12916247026253094
0.12060301507537688,-0.1935410718004129
0.12562814070351758,-0.25902287987995587
0.1306532663316583,-0.3205532322147756
0.135678391959799,-0.3388208136411864
0.1407035175879397,-0.3571754847370942
0.1457286432160804,-0.37314919357747856
0.15075376884422112,-0.3865815886427812
0.15577889447236182,-0.36409572321558964
0.16080402010050251,-0.30565322712400494
0.1658291457286432,-0.2458736342847372
0.1708542713567839,-0.19844738617597596
0.17587939698492464,-0.1527165921271111
0.18090452261306533,-0.16215342049941486
0.18592964824120603,-0.19486812035209802
0.19095477386934673,-0.2281248970604472
0.19597989949748745,-0.21017355432316184
0.20100502512562815,-0.13383352047279432
0.20603015075376885,0.016295493936220453
0.21105527638190955,0.16710570549210116
0.21608040201005024,0.28945059238708354
0.22110552763819097,0.29461472029429764
0.22613065326633167,0.2376493291625625
0.23115577889447236,0.16144937292956824
0.23618090452261306,0.07332607544271023
0.24120603015075376,0.08020353677794735
0.24623115577889448,0.07817613006807263
0.25125628140703515,0.09817654439291183
0.2562814070351759,0.119504246978047
0.2613065326633166,0.13499453952797397
0.2663316582914573,0.10822473183284362
0.271356783919598,0.08291123206718747
0.2763819095477387,0.08588846047326584
0.2814070351758794,0.1968781653645038
0.2864321608040201,0.3100869906223434
0.2914572864321608,0.4230684205599185
0.2964824120603015,0.49253926461756553
0.30150753768844224,0.6177738498572257
0.3065326633165829,0.6774977566083439
0.31155778894472363,0.6862902026888905
0.3165829145728643,0.5989359317391669
0.32160804020100503,0.4666639329451034
0.32663316582914576,0.34344709217383357
0.3316582914572864,0.31430281480030536
0.33668341708542715,0.31209041980067687
0.3417085427135678,0.322661239643648
0.34673366834170855,0.3023530697861708
0.35175879396984927,0.2744018838806648
0.35678391959798994,0.29057620615151153
0.36180904522613067,0.3463179243979261
0.36683417085427134,0.4294587956644921
0.37185929648241206,0.4703804779293407
0.3768844221105528,0.3844679971062449
0.38190954773869346,0.24040269104756354
0.3869346733668342,0.09133270531629607
0.3919597989949749,-0.029585594020525092
0.3969849246231156,-0.08237051249997274
0.4020100502512563,-0.16043738932716795
0.40703517587939697,-0.23040780487028695
0.4120603015075377,-0.26699414411380845
0.4170854271356784,-0.283590550544584
0.4221105527638191,-0.2822085511645025
0.4271356783919598,-0.2820135593503527
0.4321608040201005,-0.26085353794936667
0.4371859296482412,-0.23836198607389997
0.44221105527638194,-0.2123779502623529
0.4472361809045226,-0.18922248213807208
0.45226130653266333,-0.24074477937719602
0.457286432160804,-0.3159971105467794
0.4623115577889447,-0.41109032269529294
0.46733668341708545,-0.4488699611212135
0.4723618090452261,-0.49003421939633923
0.47738693467336685,-0.5322106953219317
0.4824120603015075,-0.4590702548246579
0.48743718592964824,-0.4222606431419585
0.49246231155778897,-0.3838192872907397
0.49748743718592964,-0.3403330856557187
0.5025125628140703,-0.3059619941599476
0.507537688442211,-0.28090606748436514
0.5125628140703518,-0.2615921165392092
0.5175879396984925,-0.269549176323772
0.5226130653266332,-0.2990753513386902
0.5276381909547738,-0.3267796102529192
0.5326633165829145,-0.3755228177202329
0.5376884422110553,-0.37394472368774573
0.542713567839196,-0.39449358173520027
0.5477386934673367,-0.38717906151956066
0.5527638190954774,-0.30569741309136955
0.5577889447236181,-0.12117741848687179
0.5628140703517588,0.12015265396884937
0.5678391959798995,0.29649474592476105
0.5728643216080402,0.39929726138768235
0.577889447236181,0.4776058105876075
0.5829145728643216,0.5340066818847566
0.5879396984924623,0.4432533330576279
0.592964824120603,0.2457839624443134
0.5979899497487438,0.04468036707746511
0.6030150753768845,-0.12801069097342457
0.6080402010050251,-0.18851142915487437
0.6130653266331658,-0.13703781295087186
0.6180904522613065,0.06059827691075577
0.6231155778894473,0.09814156208191287
0.628140703517588,0.15418634122285316
0.6331658291457286,0.1411465525270309
0.6381909547738693,0.12445588654244642
0.6432160804020101,0.14535335904934418
0.6482412060301508,0.1667320716282398
0.6532663316582915,0.10826924289018167
0.6582914572864321,0.02025807804594579
0.6633165829145728,-0.06768189558985338
0.6683417085427136,-0.07277492006927469
0.6733668341708543,0.08302765037950831
0.678391959798995,0.2340255617609544
0.6834170854271356,0.2989633253425524
0.6884422110552764,0.26695630957996846
0.6934673366834171,0.19914435098388555
0.6984924623115578,0.16732263645481074
0.7035175879396985,0.17158065990297705
0.7085427135678392,0.17937683614366712
0.7135678391959799,0.25431499336828606
0.7185929648241206,0.33011612108520255
0.7236180904522613,0.4185367461958882
0.7286432160804021,0.3546966679491838
0.7336683417085427,0.28252833669295907
0.7386934673366834,0.2133152493411869
0.7437185929648241,0.16904710655796767
0.7487437185929648,0.16559072045312018
0.7537688442211056,0.16510781532507535
0.7587939698492463,0.16942068365960994
0.7638190954773869,0.08470808076100811
0.7688442211055276,-0.002090456821749853
0.7738693467336684,-0.07608240101247052
0.7788944723618091,-0.14303709750291774
0.7839195979899498,-0.1462625293300904
0.7889447236180904,-0.14590169737833664
0.7939698492462312,-0.1441957891864827
0.7989949748743719,-0.14317331314213333
0.8040201005025126,-0.16385569496037447
0.8090452261306533,-0.1992668922861558
0.8140703517587939,-0.23415425500024314
0.8190954773869347,-0.24719724664340623
0.8241206030150754,-0.15455664709363
0.8291457286432161,-0.0619360525833057
0.8341708542713568,0.019066285674856045
0.8391959798994975,0.032644316931429586
0.8442211055276382,0.16129408705350004
0.8492462311557789,0.3131714056706761
0.8542713567839196,0.46033045543667706
0.8592964824120604,0.3367969952842075
0.864321608040201,0.16632124821571243
0.8693467336683417,-0.029502106165373108
0.8743718592964824,-0.09366444681750237
0.8793969849246231,-0.14313996828516715
0.8844221105527639,-0.15419907369542543
0.8894472361809045,-0.15935936212368812
0.8944723618090452,-0.16772168100790313
0.8994974874371859,-0.1833746656194084
0.9045226130653267,-0.2060938606526379
0.9095477386934674,-0.23123118423299252
0.914572864321608,-0.2228654045126773
0.9195979899497487,-0.19428187467812164
0.9246231155778895,-0.16495088006837935
0.9296482412060302,-0.14533088383741885
0.9346733668341709,-0.18210749874314433
0.9396984924623115,-0.26796303086300394
0.9447236180904522,-0.3058599470298284
0.949748743718593,-0.26065561752399463
0.9547738693467337,-0.21093694850617006
0.9597989949748744,-0.11551174150870978
0.964824120603015,-0.05556599175542189
0.9698492462311558,-0.003432016638014052
0.9748743718592965,-0.03201561782662694
0.9798994974874372,-0.044324795821843725
0.9849246231155779,0.016948802933474942
0.9899497487437187,0.16493167052904217
0.9949748743718593,0.3072359476477849
1.0,0.44954022476653044
