序号,相对时间(s),R（Ω）,X（Ω）,时间
1,0,28119.5,-3166.8,2026/01/23 18:09:27
2,0.11,28118.2,-3168.29,2026/01/23 18:09:27
3,0.22,28123.5,-3164.06,2026/01/23 18:09:28
4,0.33,28113.6,-3168.18,2026/01/23 18:09:28
5,0.43,28128,-3163.17,2026/01/23 18:09:28
6,0.54,28113.3,-3165.21,2026/01/23 18:09:28
7,0.65,28124.9,-3168.88,2026/01/23 18:09:28
8,0.76,28116.9,-3165.05,2026/01/23 18:09:28
9,0.87,28121.7,-3167.43,2026/01/23 18:09:28
10,0.98,28121.6,-3165.48,2026/01/23 18:09:28
11,1.09,28118.9,-3168.82,2026/01/23 18:09:28
12,1.2,28125.9,-3161.7,2026/01/23 18:09:28
13,1.31,28117.5,-3171.14,2026/01/23 18:09:29
14,1.42,28126.1,-3163.55,2026/01/23 18:09:29
15,1.53,28119.3,-3167.42,2026/01/23 18:09:29
16,1.64,28124.5,-3168.04,2026/01/23 18:09:29
17,1.75,28121.8,-3165.9,2026/01/23 18:09:29
18,1.86,28124.5,-3165.28,2026/01/23 18:09:29
19,1.96,28120.9,-3170.1,2026/01/23 18:09:29
20,2.07,28123.7,-3162.03,2026/01/23 18:09:29
21,2.18,28121.9,-3169.94,2026/01/23 18:09:29
22,2.29,28125.4,-3160.38,2026/01/23 18:09:30
23,2.4,28123,-3167.8,2026/01/23 18:09:30
24,2.51,28121.5,-3161.59,2026/01/23 18:09:30
25,2.62,28124.2,-3165.95,2026/01/23 18:09:30
26,2.73,28120.4,-3162.15,2026/01/23 18:09:30
27,2.84,28124,-3166.05,2026/01/23 18:09:30
28,2.95,28117.9,-3163.2,2026/01/23 18:09:30
29,3.06,28124.5,-3163.19,2026/01/23 18:09:30
30,3.17,28113.7,-3168.09,2026/01/23 18:09:30
31,3.27,28127.4,-3158.4,2026/01/23 18:09:31
32,3.38,28112.9,-3170.11,2026/01/23 18:09:31
33,3.49,28124.3,-3160.13,2026/01/23 18:09:31
34,3.6,28113.8,-3165.18,2026/01/23 18:09:31
35,3.71,28120.8,-3164.09,2026/01/23 18:09:31
36,3.82,28117.6,-3163.94,2026/01/23 18:09:31
37,3.93,28113.3,-3166.64,2026/01/23 18:09:31
38,4.04,28126,-3162.08,2026/01/23 18:09:31
39,4.14,28109,-3166.48,2026/01/23 18:09:31
40,4.25,28126,-3164.48,2026/01/23 18:09:32
41,4.36,28112.3,-3164.42,2026/01/23 18:09:32
42,4.47,28120.3,-3163.8,2026/01/23 18:09:32
43,4.58,28115.2,-3162.82,2026/01/23 18:09:32
44,4.69,28119.5,-3165.22,2026/01/23 18:09:32
45,4.8,28122.2,-3159.78,2026/01/23 18:09:32
46,4.91,28114.8,-3167.1,2026/01/23 18:09:32
47,5.01,28125.3,-3160.27,2026/01/23 18:09:32
48,5.12,28112.9,-3162.83,2026/01/23 18:09:32
49,5.23,28123.9,-3164.99,2026/01/23 18:09:33
50,5.34,28115.1,-3161.43,2026/01/23 18:09:33
51,5.45,28123,-3164.47,2026/01/23 18:09:33
52,5.56,28116.3,-3162.79,2026/01/23 18:09:33
53,5.67,28118.8,-3165.57,2026/01/23 18:09:33
54,5.78,28120.2,-3160.77,2026/01/23 18:09:33
55,5.89,28114.3,-3168.51,2026/01/23 18:09:33
56,6,28123,-3162.28,2026/01/23 18:09:33
57,6.1,28113.7,-3161.51,2026/01/23 18:09:33
58,6.21,28121.4,-3165.16,2026/01/23 18:09:34
59,6.32,28114.3,-3159.46,2026/01/23 18:09:34
60,6.43,28121.5,-3163.61,2026/01/23 18:09:34
61,6.54,28117,-3163.92,2026/01/23 18:09:34
62,6.65,28118.9,-3165.15,2026/01/23 18:09:34
63,6.76,28119.5,-3159.93,2026/01/23 18:09:34
64,6.87,28113.7,-3167.7,2026/01/23 18:09:34
65,6.98,28120.3,-3161.32,2026/01/23 18:09:34
66,7.09,28113.1,-3163.71,2026/01/23 18:09:34
67,7.19,28118.9,-3163.54,2026/01/23 18:09:34
68,7.3,28113,-3160.14,2026/01/23 18:09:35
69,7.41,28118.5,-3165.99,2026/01/23 18:09:35
70,7.52,28117.3,-3160.96,2026/01/23 18:09:35
71,7.63,28115.1,-3164.04,2026/01/23 18:09:35
72,7.74,28117.5,-3159.92,2026/01/23 18:09:35
73,7.85,28112.5,-3165.72,2026/01/23 18:09:35
74,7.95,28120.2,-3161.76,2026/01/23 18:09:35
75,8.06,28111.7,-3159.71,2026/01/23 18:09:35
76,8.17,28115.6,-3163.8,2026/01/23 18:09:35
77,8.28,28112.7,-3161.91,2026/01/23 18:09:36
78,8.39,28115.3,-3165.13,2026/01/23 18:09:36
79,8.5,28115,-3160.93,2026/01/23 18:09:36
80,8.61,28110.7,-3168.31,2026/01/23 18:09:36
81,8.72,28119.3,-3161.81,2026/01/23 18:09:36
82,8.82,28110.5,-3160.35,2026/01/23 18:09:36
83,8.93,28115.9,-3166.18,2026/01/23 18:09:36
84,9.04,28109.1,-3161.01,2026/01/23 18:09:36
85,9.15,28113.5,-3164.52,2026/01/23 18:09:36
86,9.26,28111,-3162.75,2026/01/23 18:09:37
87,9.37,28109.4,-3166.88,2026/01/23 18:09:37
88,9.48,28113.8,-3158.69,2026/01/23 18:09:37
89,9.58,28104.8,-3164.91,2026/01/23 18:09:37
90,9.69,28114.3,-3163.63,2026/01/23 18:09:37
91,9.8,28105.1,-3159.19,2026/01/23 18:09:37
92,9.91,28112.5,-3165.88,2026/01/23 18:09:37
93,10.02,28104.4,-3161.51,2026/01/23 18:09:37
94,10.13,28111,-3164.06,2026/01/23 18:09:37
95,10.24,28106.1,-3162.93,2026/01/23 18:09:38
96,10.35,28109.9,-3163.66,2026/01/23 18:09:38
97,10.46,28110.5,-3158.75,2026/01/23 18:09:38
98,10.57,28100.7,-3165.24,2026/01/23 18:09:38
99,10.67,28114.9,-3161.16,2026/01/23 18:09:38
100,10.78,28099.9,-3162.28,2026/01/23 18:09:38
101,10.89,28114.8,-3162.01,2026/01/23 18:09:38
102,11,28101.3,-3162.19,2026/01/23 18:09:38
103,11.11,28109,-3162.29,2026/01/23 18:09:38
104,11.22,28106.9,-3163.36,2026/01/23 18:09:39
105,11.33,28103.2,-3165.24,2026/01/23 18:09:39
106,11.44,28114.2,-3159.15,2026/01/23 18:09:39
107,11.54,28097.4,-3168.32,2026/01/23 18:09:39
108,11.65,28114.1,-3158.26,2026/01/23 18:09:39
109,11.76,28100.1,-3163.82,2026/01/23 18:09:39
110,11.87,28106.9,-3160.35,2026/01/23 18:09:39
111,11.98,28105,-3164.06,2026/01/23 18:09:39
112,12.09,28102.3,-3158.58,2026/01/23 18:09:39
113,12.2,28109.4,-3163.24,2026/01/23 18:09:39
114,12.3,28097.2,-3166.51,2026/01/23 18:09:40
115,12.41,28109.8,-3155.96,2026/01/23 18:09:40
116,12.52,28100.1,-3169.75,2026/01/23 18:09:40
117,12.63,28106.9,-3156.44,2026/01/23 18:09:40
118,12.74,28103.3,-3165.83,2026/01/23 18:09:40
119,12.85,28099.8,-3160.4,2026/01/23 18:09:40
120,12.96,28109.1,-3161.17,2026/01/23 18:09:40
121,13.07,28101.3,-3161.17,2026/01/23 18:09:40
122,13.17,28108.1,-3158.56,2026/01/23 18:09:40
123,13.28,28104.8,-3162.23,2026/01/23 18:09:41
124,13.39,28106.5,-3160.73,2026/01/23 18:09:41
125,13.5,28105.3,-3165,2026/01/23 18:09:41
126,13.61,28105.5,-3162.69,2026/01/23 18:09:41
127,13.72,28105.8,-3162.34,2026/01/23 18:09:41
128,13.83,28102.5,-3167.18,2026/01/23 18:09:41
129,13.94,28108.3,-3158.85,2026/01/23 18:09:41
130,14.04,28101.7,-3164.96,2026/01/23 18:09:41
131,14.16,28110.6,-3162.52,2026/01/23 18:09:41
132,14.26,28100.6,-3159.45,2026/01/23 18:09:42
133,14.37,28112.4,-3163.74,2026/01/23 18:09:42
134,14.48,28104.1,-3161.54,2026/01/23 18:09:42
135,14.59,28109.8,-3162.27,2026/01/23 18:09:42
136,14.7,28104.2,-3162.01,2026/01/23 18:09:42
137,14.81,28111,-3161.93,2026/01/23 18:09:42
138,14.92,28109.5,-3163.37,2026/01/23 18:09:42
139,15.03,28105,-3162.96,2026/01/23 18:09:42
140,15.14,28113.9,-3158.7,2026/01/23 18:09:42
141,15.25,28103.7,-3165.13,2026/01/23 18:09:43
142,15.35,28113.6,-3156.24,2026/01/23 18:09:43
143,15.46,28107.5,-3168.2,2026/01/23 18:09:43
144,15.57,28111.9,-3156.26,2026/01/23 18:09:43
145,15.68,28110.5,-3164.73,2026/01/23 18:09:43
146,15.79,28109.4,-3159.99,2026/01/23 18:09:43
147,15.9,28115.7,-3159.27,2026/01/23 18:09:43
148,16.01,28106.2,-3165.52,2026/01/23 18:09:43
149,16.12,28113.5,-3158.78,2026/01/23 18:09:43
150,16.23,28105.7,-3163.08,2026/01/23 18:09:44
151,16.34,28113.8,-3163.42,2026/01/23 18:09:44
152,16.44,28105.4,-3159.95,2026/01/23 18:09:44
153,16.55,28115.7,-3163.41,2026/01/23 18:09:44
154,16.66,28105.3,-3160.89,2026/01/23 18:09:44
155,16.77,28113.1,-3161.41,2026/01/23 18:09:44
156,16.88,28107.6,-3161.34,2026/01/23 18:09:44
157,16.99,28109.8,-3159.63,2026/01/23 18:09:44
158,17.1,28115.8,-3159.52,2026/01/23 18:09:44
159,17.21,28104.8,-3165.4,2026/01/23 18:09:44
160,17.32,28112.8,-3156.12,2026/01/23 18:09:45
161,17.43,28107.9,-3167.96,2026/01/23 18:09:45
162,17.53,28111.7,-3157.35,2026/01/23 18:09:45
163,17.64,28109.5,-3163.04,2026/01/23 18:09:45
164,17.75,28108.3,-3161.52,2026/01/23 18:09:45
165,17.86,28110,-3159.4,2026/01/23 18:09:45
166,17.97,28106.2,-3161.26,2026/01/23 18:09:45
167,18.08,28111,-3156.83,2026/01/23 18:09:45
168,18.19,28105.6,-3163.62,2026/01/23 18:09:45
169,18.3,28115.5,-3159.61,2026/01/23 18:09:46
170,18.41,28097.9,-3163.89,2026/01/23 18:09:46
171,18.52,28116.1,-3156.98,2026/01/23 18:09:46
172,18.62,28100.9,-3164.3,2026/01/23 18:09:46
173,18.73,28112.1,-3159.43,2026/01/23 18:09:46
174,18.84,28110.9,-3162.47,2026/01/23 18:09:46
175,18.95,28105.2,-3159.88,2026/01/23 18:09:46
176,19.06,28113.1,-3162.27,2026/01/23 18:09:46
177,19.17,28106.2,-3163.53,2026/01/23 18:09:46
178,19.28,28109.9,-3160.8,2026/01/23 18:09:47
179,19.39,28105.9,-3158.84,2026/01/23 18:09:47
180,19.5,28114.1,-3164.69,2026/01/23 18:09:47
181,19.61,28106.8,-3157.94,2026/01/23 18:09:47
182,19.71,28111.2,-3162.91,2026/01/23 18:09:47
183,19.82,28109.9,-3161.55,2026/01/23 18:09:47
184,19.93,28111,-3158.62,2026/01/23 18:09:47
185,20.04,28115.8,-3160.95,2026/01/23 18:09:47
186,20.15,28106.3,-3162.73,2026/01/23 18:09:47
187,20.26,28116.9,-3159.39,2026/01/23 18:09:48
188,20.37,28111.2,-3164.07,2026/01/23 18:09:48
189,20.48,28111.2,-3158.94,2026/01/23 18:09:48
190,20.59,28110.3,-3160.62,2026/01/23 18:09:48
191,20.7,28113.5,-3160.81,2026/01/23 18:09:48
192,20.81,28112.3,-3158.71,2026/01/23 18:09:48
193,20.91,28113.2,-3162.13,2026/01/23 18:09:48
194,21.02,28115.9,-3157.08,2026/01/23 18:09:48
195,21.13,28107.9,-3162.66,2026/01/23 18:09:48
196,21.24,28120.5,-3156,2026/01/23 18:09:49
197,21.35,28104.8,-3166.06,2026/01/23 18:09:49
198,21.46,28116.5,-3156.52,2026/01/23 18:09:49
199,21.56,28112.5,-3163.91,2026/01/23 18:09:49
200,21.67,28113.7,-3157.77,2026/01/23 18:09:49
201,21.78,28119.6,-3160.15,2026/01/23 18:09:49
202,21.89,28111.2,-3162.21,2026/01/23 18:09:49
203,22,28118.5,-3157.15,2026/01/23 18:09:49
204,22.11,28113.6,-3159.22,2026/01/23 18:09:49
205,22.22,28122.2,-3163.38,2026/01/23 18:09:50
206,22.33,28111.8,-3158.64,2026/01/23 18:09:50
207,22.44,28121.7,-3161.5,2026/01/23 18:09:50
208,22.55,28116.3,-3159.83,2026/01/23 18:09:50
209,22.65,28121.2,-3159.6,2026/01/23 18:09:50
210,22.76,28121.9,-3161.53,2026/01/23 18:09:50
211,22.87,28119.2,-3157.97,2026/01/23 18:09:50
212,22.98,28126.9,-3158.92,2026/01/23 18:09:50
213,23.09,28118.4,-3162.14,2026/01/23 18:09:50
214,23.2,28124.6,-3158.82,2026/01/23 18:09:50
215,23.31,28125,-3159.85,2026/01/23 18:09:51
216,23.42,28124.9,-3158.78,2026/01/23 18:09:51
217,23.53,28126.8,-3159.08,2026/01/23 18:09:51
218,23.63,28126.8,-3159.84,2026/01/23 18:09:51
219,23.74,28129.9,-3154.03,2026/01/23 18:09:51
220,23.85,28125.3,-3162.03,2026/01/23 18:09:51
221,23.96,28136.7,-3154.26,2026/01/23 18:09:51
222,24.07,28120.4,-3162.57,2026/01/23 18:09:51
223,24.18,28135,-3152.58,2026/01/23 18:09:51
224,24.29,28126.6,-3162.6,2026/01/23 18:09:52
225,24.4,28132.3,-3153.45,2026/01/23 18:09:52
226,24.51,28129.9,-3162.02,2026/01/23 18:09:52
227,24.62,28127.1,-3157.46,2026/01/23 18:09:52
228,24.72,28134.6,-3156.97,2026/01/23 18:09:52
229,24.83,28125.9,-3160.54,2026/01/23 18:09:52
230,24.94,28131.9,-3158.46,2026/01/23 18:09:52
231,25.05,28126.8,-3156.01,2026/01/23 18:09:52
232,25.16,28134.6,-3161.41,2026/01/23 18:09:52
233,25.27,28126,-3155.6,2026/01/23 18:09:53
234,25.38,28131.4,-3157.87,2026/01/23 18:09:53
235,25.49,28129.8,-3158.7,2026/01/23 18:09:53
236,25.6,28130.8,-3157.07,2026/01/23 18:09:53
237,25.7,28136.1,-3154.38,2026/01/23 18:09:53
238,25.81,28124.5,-3163.69,2026/01/23 18:09:53
239,25.92,28135.2,-3150.68,2026/01/23 18:09:53
240,26.03,28128.1,-3163.13,2026/01/23 18:09:53
241,26.14,28130.5,-3155.42,2026/01/23 18:09:53
242,26.25,28132.5,-3159.15,2026/01/23 18:09:54
243,26.36,28127.9,-3158.1,2026/01/23 18:09:54
244,26.47,28134.9,-3154.42,2026/01/23 18:09:54
245,26.58,28129,-3159.28,2026/01/23 18:09:54
246,26.68,28136.9,-3157.25,2026/01/23 18:09:54
247,26.79,28124.3,-3159.01,2026/01/23 18:09:54
248,26.9,28136.6,-3159.69,2026/01/23 18:09:54
249,27.01,28125.9,-3156.02,2026/01/23 18:09:54
250,27.12,28133.3,-3158.52,2026/01/23 18:09:54
251,27.23,28130.3,-3158.18,2026/01/23 18:09:55
252,27.34,28129.4,-3153.91,2026/01/23 18:09:55
253,27.45,28135.9,-3157.02,2026/01/23 18:09:55
254,27.55,28127.4,-3159.62,2026/01/23 18:09:55
255,27.66,28133.6,-3155,2026/01/23 18:09:55
256,27.77,28129.6,-3162.07,2026/01/23 18:09:55
257,27.88,28131.2,-3154.88,2026/01/23 18:09:55
258,27.99,28129.8,-3158.19,2026/01/23 18:09:55
259,28.1,28126.8,-3159.61,2026/01/23 18:09:55
260,28.21,28133.1,-3156.09,2026/01/23 18:09:55
261,28.31,28126.1,-3159.96,2026/01/23 18:09:56
262,28.42,28135,-3155.92,2026/01/23 18:09:56
263,28.53,28118.4,-3160.16,2026/01/23 18:09:56
264,28.64,28136.7,-3157.07,2026/01/23 18:09:56
265,28.75,28120.9,-3159.71,2026/01/23 18:09:56
266,28.86,28132.3,-3156.56,2026/01/23 18:09:56
267,28.97,28125.7,-3160.93,2026/01/23 18:09:56
268,29.08,28126.3,-3155.88,2026/01/23 18:09:56
269,29.19,28132.8,-3158.39,2026/01/23 18:09:56
270,29.3,28124.8,-3158.93,2026/01/23 18:09:57
271,29.4,28130.2,-3157.57,2026/01/23 18:09:57
272,29.51,28128.6,-3159.24,2026/01/23 18:09:57
273,29.62,28130.4,-3158,2026/01/23 18:09:57
274,29.73,28128.3,-3159.13,2026/01/23 18:09:57
275,29.84,28130.8,-3159.72,2026/01/23 18:09:57
276,29.95,28129.6,-3156.36,2026/01/23 18:09:57
277,30.06,28128.9,-3160.91,2026/01/23 18:09:57
278,30.17,28132.8,-3156.12,2026/01/23 18:09:57
279,30.28,28126.2,-3160.17,2026/01/23 18:09:58
280,30.39,28138.3,-3153.69,2026/01/23 18:09:58
281,30.49,28121.6,-3164.97,2026/01/23 18:09:58
282,30.6,28136.6,-3153.65,2026/01/23 18:09:58
283,30.71,28129.2,-3159.76,2026/01/23 18:09:58
284,30.82,28129.5,-3157.48,2026/01/23 18:09:58
285,30.93,28136.2,-3157.68,2026/01/23 18:09:58
286,31.04,28128.6,-3157.94,2026/01/23 18:09:58
287,31.15,28135.3,-3156.26,2026/01/23 18:09:58
288,31.26,28132.6,-3158.62,2026/01/23 18:09:59
289,31.36,28134.9,-3158.83,2026/01/23 18:09:59
290,31.47,28130.7,-3156.25,2026/01/23 18:09:59
291,31.58,28136.4,-3159.23,2026/01/23 18:09:59
292,31.69,28133.1,-3155.88,2026/01/23 18:09:59
293,31.8,28137.7,-3158.85,2026/01/23 18:09:59
294,31.91,28133.4,-3157.92,2026/01/23 18:09:59
295,32.02,28136.2,-3156.1,2026/01/23 18:09:59
296,32.13,28140.4,-3156.91,2026/01/23 18:09:59
297,32.24,28129.1,-3162.93,2026/01/23 18:10:00
298,32.34,28142.7,-3150.54,2026/01/23 18:10:00
299,32.45,28132.8,-3165.97,2026/01/23 18:10:00
300,32.56,28139.1,-3153.6,2026/01/23 18:10:00
301,32.67,28138.8,-3160.65,2026/01/23 18:10:00
302,32.78,28133.6,-3157.79,2026/01/23 18:10:00
303,32.89,28143.5,-3154.43,2026/01/23 18:10:00
304,33,28137,-3159.17,2026/01/23 18:10:00
305,33.11,28141.8,-3158.98,2026/01/23 18:10:00
306,33.22,28137.7,-3157.07,2026/01/23 18:10:01
307,33.32,28144.2,-3159.1,2026/01/23 18:10:01
308,33.43,28139.2,-3158.14,2026/01/23 18:10:01
309,33.54,28143.2,-3160.61,2026/01/23 18:10:01
310,33.65,28141.7,-3157.79,2026/01/23 18:10:01
311,33.76,28136.4,-3161.46,2026/01/23 18:10:01
312,33.87,28148.9,-3155.06,2026/01/23 18:10:01
313,33.98,28136,-3165.07,2026/01/23 18:10:01
314,34.09,28147,-3149.96,2026/01/23 18:10:01
315,34.19,28139.2,-3164.76,2026/01/23 18:10:01
316,34.3,28144.6,-3155.06,2026/01/23 18:10:02
317,34.41,28147.4,-3157.12,2026/01/23 18:10:02
318,34.52,28138,-3161.82,2026/01/23 18:10:02
319,34.63,28148.5,-3157.01,2026/01/23 18:10:02
320,34.74,28141.7,-3158.26,2026/01/23 18:10:02
321,34.85,28148.2,-3161.77,2026/01/23 18:10:02
322,34.96,28140.4,-3156.48,2026/01/23 18:10:02
323,35.06,28149.7,-3158.68,2026/01/23 18:10:02
324,35.17,28142.7,-3157.96,2026/01/23 18:10:02
325,35.28,28146.9,-3157.43,2026/01/23 18:10:03
326,35.39,28145.5,-3160.73,2026/01/23 18:10:03
327,35.5,28139.9,-3161.63,2026/01/23 18:10:03
328,35.61,28150.2,-3155.06,2026/01/23 18:10:03
329,35.72,28143,-3162.07,2026/01/23 18:10:03
330,35.83,28147.1,-3154.36,2026/01/23 18:10:03
331,35.93,28147.6,-3159.43,2026/01/23 18:10:03
332,36.04,28143.8,-3157.21,2026/01/23 18:10:03
333,36.15,28147.6,-3156.46,2026/01/23 18:10:03
334,36.26,28141.2,-3163.48,2026/01/23 18:10:04
335,36.37,28150.8,-3156.78,2026/01/23 18:10:04
336,36.48,28137,-3158.62,2026/01/23 18:10:04
337,36.59,28151.7,-3158.15,2026/01/23 18:10:04
338,36.7,28136,-3157.21,2026/01/23 18:10:04
339,36.81,28146.1,-3157.2,2026/01/23 18:10:04
340,36.91,28144.3,-3159.61,2026/01/23 18:10:04
341,37.02,28140.3,-3155.97,2026/01/23 18:10:04
342,37.13,28147.7,-3158.9,2026/01/23 18:10:04
343,37.24,28138.9,-3161.23,2026/01/23 18:10:05
344,37.35,28143.4,-3154.55,2026/01/23 18:10:05
345,37.46,28141.5,-3158.89,2026/01/23 18:10:05
346,37.57,28142.9,-3158.94,2026/01/23 18:10:05
347,37.68,28139.8,-3155.69,2026/01/23 18:10:05
348,37.79,28142.2,-3159.26,2026/01/23 18:10:05
349,37.89,28140.4,-3155.69,2026/01/23 18:10:05
350,38,28142.2,-3155.94,2026/01/23 18:10:05
351,38.11,28145.6,-3154.39,2026/01/23 18:10:05
352,38.22,28135.8,-3160.15,2026/01/23 18:10:06
353,38.33,28148.5,-3150.92,2026/01/23 18:10:06
354,38.44,28135,-3163.9,2026/01/23 18:10:06
355,38.55,28144.7,-3151.31,2026/01/23 18:10:06
356,38.66,28147.6,-3160.25,2026/01/23 18:10:06
357,38.76,28153.7,-3155.41,2026/01/23 18:10:06
358,38.87,28166.6,-3154.33,2026/01/23 18:10:06
359,38.98,28163.3,-3159.57,2026/01/23 18:10:06
360,39.09,28178.7,-3157.71,2026/01/23 18:10:06
361,39.2,28178.4,-3155.5,2026/01/23 18:10:06
362,39.31,28193.3,-3160.29,2026/01/23 18:10:07
363,39.42,28191.8,-3157.49,2026/01/23 18:10:07
364,39.53,28196,-3157.01,2026/01/23 18:10:07
365,39.63,28202.9,-3155.83,2026/01/23 18:10:07
366,39.74,28196.6,-3158.85,2026/01/23 18:10:07
367,39.85,28213,-3154.45,2026/01/23 18:10:07
368,39.96,28218,-3166.45,2026/01/23 18:10:07
369,40.07,28236.7,-3154.68,2026/01/23 18:10:07
370,40.18,28235.7,-3162.41,2026/01/23 18:10:07
371,40.29,28234.9,-3156.12,2026/01/23 18:10:08
372,40.4,28238.1,-3156.41,2026/01/23 18:10:08
373,40.5,28218.6,-3162.5,2026/01/23 18:10:08
374,40.61,28229.3,-3157.33,2026/01/23 18:10:08
375,40.72,28216,-3160.9,2026/01/23 18:10:08
376,40.83,28206.7,-3156.3,2026/01/23 18:10:08
377,40.94,28173.9,-3156.62,2026/01/23 18:10:08
378,41.05,28176.1,-3155.4,2026/01/23 18:10:08
379,41.16,28160.6,-3157.72,2026/01/23 18:10:08
380,41.27,28156,-3153.82,2026/01/23 18:10:09
381,41.38,28154.9,-3154.77,2026/01/23 18:10:09
382,41.48,28153.6,-3157.46,2026/01/23 18:10:09
383,41.59,28180.5,-3153.26,2026/01/23 18:10:09
384,41.7,28191.4,-3160.38,2026/01/23 18:10:09
385,41.81,28207.2,-3154.93,2026/01/23 18:10:09
386,41.92,28213.5,-3159.7,2026/01/23 18:10:09
387,42.03,28221.7,-3157.51,2026/01/23 18:10:09
388,42.14,28237.1,-3156.95,2026/01/23 18:10:09
389,42.25,28251.8,-3163.58,2026/01/23 18:10:10
390,42.35,28262.4,-3156.67,2026/01/23 18:10:10
391,42.46,28252.4,-3159.99,2026/01/23 18:10:10
392,42.57,28257.2,-3154.12,2026/01/23 18:10:10
393,42.68,28246.2,-3163.91,2026/01/23 18:10:10
394,42.79,28256.7,-3156,2026/01/23 18:10:10
395,42.9,28241.6,-3163.03,2026/01/23 18:10:10
396,43.01,28225.1,-3156.58,2026/01/23 18:10:10
397,43.12,28207.6,-3160.5,2026/01/23 18:10:10
398,43.23,28191.1,-3156.27,2026/01/23 18:10:11
399,43.34,28192,-3152.75,2026/01/23 18:10:11
400,43.45,28177.7,-3155.83,2026/01/23 18:10:11
401,43.55,28188.8,-3154.83,2026/01/23 18:10:11
402,43.66,28192.4,-3155.62,2026/01/23 18:10:11
403,43.77,28215.3,-3159.54,2026/01/23 18:10:11
404,43.88,28215.4,-3157.19,2026/01/23 18:10:11
405,43.99,28235.5,-3158.09,2026/01/23 18:10:11
406,44.1,28243.9,-3159.63,2026/01/23 18:10:11
407,44.21,28247.1,-3159.58,2026/01/23 18:10:11
408,44.32,28273.3,-3158.4,2026/01/23 18:10:12
409,44.42,28282.5,-3168.42,2026/01/23 18:10:12
410,44.53,28291.3,-3155.61,2026/01/23 18:10:12
411,44.64,28283.6,-3163.39,2026/01/23 18:10:12
412,44.75,28280.4,-3159.57,2026/01/23 18:10:12
413,44.86,28282.5,-3162.86,2026/01/23 18:10:12
414,44.97,28262.8,-3162.87,2026/01/23 18:10:12
415,45.08,28252.6,-3153.71,2026/01/23 18:10:12
416,45.19,28225.5,-3160.38,2026/01/23 18:10:12
417,45.29,28230.7,-3155.57,2026/01/23 18:10:13
418,45.4,28214.8,-3156.46,2026/01/23 18:10:13
419,45.51,28234.1,-3155.38,2026/01/23 18:10:13
420,45.62,28220.7,-3156.44,2026/01/23 18:10:13
421,45.73,28229.4,-3153.05,2026/01/23 18:10:13
422,45.84,28218.1,-3158.06,2026/01/23 18:10:13
423,45.95,28213.8,-3155.39,2026/01/23 18:10:13
424,46.06,28229,-3157.01,2026/01/23 18:10:13
425,46.17,28228.1,-3158.58,2026/01/23 18:10:13
426,46.28,28236.9,-3157.07,2026/01/23 18:10:14
427,46.38,28242.2,-3158.06,2026/01/23 18:10:14
428,46.49,28257.7,-3157.3,2026/01/23 18:10:14
429,46.6,28268.7,-3159.39,2026/01/23 18:10:14
430,46.71,28281.9,-3160.41,2026/01/23 18:10:14
431,46.82,28289.1,-3158.25,2026/01/23 18:10:14
432,46.93,28302.1,-3166.21,2026/01/23 18:10:14
433,47.04,28326.6,-3160.59,2026/01/23 18:10:14
434,47.15,28315.2,-3163.42,2026/01/23 18:10:14
435,47.26,28333.1,-3155.94,2026/01/23 18:10:15
436,47.36,28314.9,-3165.74,2026/01/23 18:10:15
437,47.47,28312.6,-3155.5,2026/01/23 18:10:15
438,47.58,28312.1,-3165.3,2026/01/23 18:10:15
439,47.69,28303,-3158.04,2026/01/23 18:10:15
440,47.8,28288.7,-3162.74,2026/01/23 18:10:15
441,47.91,28265.4,-3163.14,2026/01/23 18:10:15
442,48.02,28267.3,-3157.99,2026/01/23 18:10:15
443,48.13,28250.8,-3159.26,2026/01/23 18:10:15
444,48.24,28250.5,-3160.92,2026/01/23 18:10:16
445,48.34,28230.7,-3154.37,2026/01/23 18:10:16
446,48.45,28238.2,-3155.79,2026/01/23 18:10:16
447,48.56,28232.5,-3156.33,2026/01/23 18:10:16
448,48.67,28246.5,-3158.14,2026/01/23 18:10:16
449,48.78,28250.8,-3154.57,2026/01/23 18:10:16
450,48.89,28240.3,-3158.25,2026/01/23 18:10:16
451,49,28253.8,-3152.39,2026/01/23 18:10:16
452,49.11,28243.6,-3160.52,2026/01/23 18:10:16
453,49.21,28249.7,-3150.98,2026/01/23 18:10:17
454,49.33,28247.6,-3160.41,2026/01/23 18:10:17
455,49.43,28247.5,-3154.48,2026/01/23 18:10:17
456,49.54,28249.2,-3156.76,2026/01/23 18:10:17
457,49.65,28245.5,-3159.45,2026/01/23 18:10:17
458,49.76,28252.9,-3150.9,2026/01/23 18:10:17
459,49.87,28245.2,-3157.87,2026/01/23 18:10:17
460,49.98,28255.8,-3154.39,2026/01/23 18:10:17
461,50.09,28242.1,-3156.87,2026/01/23 18:10:17
462,50.2,28257.1,-3154.46,2026/01/23 18:10:17
463,50.31,28242.3,-3157.49,2026/01/23 18:10:18
464,50.41,28255.6,-3153.46,2026/01/23 18:10:18
465,50.52,28250.9,-3159.82,2026/01/23 18:10:18
466,50.63,28250.8,-3156.15,2026/01/23 18:10:18
467,50.74,28256.7,-3157.68,2026/01/23 18:10:18
468,50.85,28249,-3156.27,2026/01/23 18:10:18
469,50.96,28259.4,-3155.01,2026/01/23 18:10:18
470,51.07,28254.1,-3159.2,2026/01/23 18:10:18
471,51.18,28258.6,-3158.36,2026/01/23 18:10:18
472,51.29,28258.3,-3154.4,2026/01/23 18:10:19
473,51.4,28264,-3158.01,2026/01/23 18:10:19
474,51.5,28260.3,-3155.64,2026/01/23 18:10:19
475,51.61,28263.7,-3158.68,2026/01/23 18:10:19
476,51.72,28262.1,-3155.05,2026/01/23 18:10:19
477,51.83,28259.8,-3158.15,2026/01/23 18:10:19
478,51.94,28270.3,-3154.85,2026/01/23 18:10:19
479,52.05,28259.7,-3160.91,2026/01/23 18:10:19
480,52.16,28276.1,-3151.42,2026/01/23 18:10:19
481,52.27,28266.3,-3162.96,2026/01/23 18:10:20
482,52.38,28273.2,-3152.56,2026/01/23 18:10:20
483,52.48,28272.6,-3157.91,2026/01/23 18:10:20
484,52.59,28270.5,-3157.36,2026/01/23 18:10:20
485,52.7,28278.8,-3154.65,2026/01/23 18:10:20
486,52.81,28274.4,-3157.61,2026/01/23 18:10:20
487,52.92,28279.7,-3157.66,2026/01/23 18:10:20
488,53.03,28276.7,-3155.01,2026/01/23 18:10:20
489,53.14,28284.6,-3158.5,2026/01/23 18:10:20
490,53.25,28277.8,-3154.89,2026/01/23 18:10:21
491,53.35,28283.6,-3157.29,2026/01/23 18:10:21
492,53.46,28280.3,-3154.59,2026/01/23 18:10:21
493,53.57,28285.8,-3156.06,2026/01/23 18:10:21
494,53.68,28289.6,-3154.03,2026/01/23 18:10:21
495,53.79,28281.8,-3157.73,2026/01/23 18:10:21
496,53.9,28294.6,-3150.44,2026/01/23 18:10:21
497,54.01,28285.1,-3163.22,2026/01/23 18:10:21
498,54.12,28293.2,-3149.88,2026/01/23 18:10:21
499,54.23,28290.1,-3159.78,2026/01/23 18:10:22
500,54.34,28291.3,-3152.63,2026/01/23 18:10:22
501,54.45,28293.7,-3158.44,2026/01/23 18:10:22
502,54.55,28290.8,-3158.07,2026/01/23 18:10:22
503,54.66,28301.4,-3153.65,2026/01/23 18:10:22
504,54.77,28295.6,-3157.16,2026/01/23 18:10:22
505,54.88,28302.2,-3156.06,2026/01/23 18:10:22
506,54.99,28294.6,-3156.8,2026/01/23 18:10:22
507,55.1,28303.4,-3157.43,2026/01/23 18:10:22
508,55.21,28296.2,-3154.69,2026/01/23 18:10:22
509,55.32,28303.5,-3158.82,2026/01/23 18:10:23
510,55.42,28301.2,-3155.56,2026/01/23 18:10:23
511,55.53,28303,-3154.59,2026/01/23 18:10:23
512,55.64,28307,-3155.41,2026/01/23 18:10:23
513,55.75,28298.8,-3157.13,2026/01/23 18:10:23
514,55.86,28311.4,-3150.09,2026/01/23 18:10:23
515,55.97,28299.8,-3165.07,2026/01/23 18:10:23
516,56.08,28309.7,-3150.79,2026/01/23 18:10:23
517,56.19,28305.6,-3160.55,2026/01/23 18:10:23
518,56.3,28305.8,-3153.81,2026/01/23 18:10:24
519,56.4,28313.5,-3157.21,2026/01/23 18:10:24
520,56.52,28306.8,-3156.03,2026/01/23 18:10:24
521,56.63,28312.9,-3155.14,2026/01/23 18:10:24
522,56.73,28307.6,-3159.21,2026/01/23 18:10:24
523,56.84,28313.1,-3158.25,2026/01/23 18:10:24
524,56.95,28309.8,-3155.25,2026/01/23 18:10:24
525,57.06,28317.1,-3159.74,2026/01/23 18:10:24
526,57.17,28313.2,-3154.94,2026/01/23 18:10:24
527,57.28,28320.1,-3159.33,2026/01/23 18:10:25
528,57.39,28318.5,-3154.41,2026/01/23 18:10:25
529,57.49,28319,-3160.59,2026/01/23 18:10:25
530,57.6,28327.9,-3155.4,2026/01/23 18:10:25
531,57.71,28315.7,-3160.63,2026/01/23 18:10:25
532,57.82,28335.9,-3151.5,2026/01/23 18:10:25
533,57.93,28320.6,-3162.26,2026/01/23 18:10:25
534,58.04,28333,-3152.27,2026/01/23 18:10:25
535,58.15,28325.3,-3159.61,2026/01/23 18:10:25
536,58.26,28331.1,-3154.49,2026/01/23 18:10:26
537,58.37,28335.1,-3158.4,2026/01/23 18:10:26
538,58.48,28328.8,-3154.27,2026/01/23 18:10:26
539,58.58,28338.7,-3158.34,2026/01/23 18:10:26
540,58.69,28330.4,-3160.57,2026/01/23 18:10:26
541,58.8,28337.7,-3155.08,2026/01/23 18:10:26
542,58.91,28336,-3159.99,2026/01/23 18:10:26
543,59.02,28337.2,-3155.46,2026/01/23 18:10:26
544,59.13,28337.7,-3157.96,2026/01/23 18:10:26
545,59.24,28336.9,-3157.35,2026/01/23 18:10:27
546,59.35,28342.3,-3156.72,2026/01/23 18:10:27
547,59.46,28335.4,-3162.25,2026/01/23 18:10:27
548,59.56,28342,-3155.81,2026/01/23 18:10:27
549,59.67,28335.4,-3159.72,2026/01/23 18:10:27
550,59.78,28344.1,-3157.97,2026/01/23 18:10:27
551,59.89,28336.5,-3155.18,2026/01/23 18:10:27
552,60,28345.2,-3160.79,2026/01/23 18:10:27
553,60.11,28339.5,-3157.4,2026/01/23 18:10:27
554,60.22,28342.6,-3159.66,2026/01/23 18:10:28
555,60.33,28338.6,-3156.15,2026/01/23 18:10:28
556,60.44,28338.6,-3160.68,2026/01/23 18:10:28
557,60.54,28345.5,-3155.88,2026/01/23 18:10:28
558,60.65,28335.8,-3160.95,2026/01/23 18:10:28
559,60.76,28349.3,-3154.67,2026/01/23 18:10:28
560,60.87,28330.9,-3161.67,2026/01/23 18:10:28
561,60.98,28348,-3153.46,2026/01/23 18:10:28
562,61.09,28334.9,-3161.03,2026/01/23 18:10:28
563,61.2,28345.3,-3155.47,2026/01/23 18:10:28
564,61.31,28339.3,-3161.02,2026/01/23 18:10:29
565,61.42,28341.1,-3156.3,2026/01/23 18:10:29
566,61.52,28345.7,-3156.93,2026/01/23 18:10:29
567,61.63,28340.5,-3159.18,2026/01/23 18:10:29
568,61.75,28347.7,-3158.42,2026/01/23 18:10:29
569,61.85,28338.9,-3158.79,2026/01/23 18:10:29
570,61.96,28345.1,-3152.14,2026/01/23 18:10:29
571,62.07,28337.1,-3162.83,2026/01/23 18:10:29
572,62.18,28343.9,-3149.91,2026/01/23 18:10:29
573,62.29,28338.7,-3161.44,2026/01/23 18:10:30
574,62.4,28341.6,-3155.18,2026/01/23 18:10:30
575,62.51,28342.3,-3160.27,2026/01/23 18:10:30
576,62.62,28338.6,-3156.1,2026/01/23 18:10:30
577,62.73,28347.7,-3157.91,2026/01/23 18:10:30
578,62.83,28337.5,-3156.35,2026/01/23 18:10:30
579,62.94,28348.3,-3154.58,2026/01/23 18:10:30
580,63.05,28340.4,-3158.12,2026/01/23 18:10:30
581,63.16,28344.1,-3154.73,2026/01/23 18:10:30
582,63.27,28341.4,-3160.46,2026/01/23 18:10:31
583,63.38,28341.5,-3157.29,2026/01/23 18:10:31
584,63.49,28344.1,-3157.1,2026/01/23 18:10:31
585,63.6,28336.9,-3158.58,2026/01/23 18:10:31
586,63.71,28347.2,-3155.37,2026/01/23 18:10:31
587,63.81,28336.3,-3158.83,2026/01/23 18:10:31
588,63.92,28343.4,-3157.22,2026/01/23 18:10:31
589,64.03,28342.1,-3157.99,2026/01/23 18:10:31
590,64.14,28345.9,-3155.3,2026/01/23 18:10:31
591,64.25,28343.4,-3158.19,2026/01/23 18:10:32
592,64.36,28345.3,-3155.17,2026/01/23 18:10:32
593,64.47,28345.9,-3158.28,2026/01/23 18:10:32
594,64.58,28341.9,-3155.8,2026/01/23 18:10:32
595,64.69,28349.3,-3156.47,2026/01/23 18:10:32
596,64.8,28339.7,-3158.1,2026/01/23 18:10:32
597,64.9,28348.1,-3154.3,2026/01/23 18:10:32
598,65.01,28343.6,-3157.9,2026/01/23 18:10:32
599,65.12,28346.5,-3154.99,2026/01/23 18:10:32
600,65.23,28343.2,-3157.55,2026/01/23 18:10:33
601,65.34,28345.7,-3154.79,2026/01/23 18:10:33
602,65.45,28345.2,-3160.23,2026/01/23 18:10:33
603,65.56,28342.9,-3154.03,2026/01/23 18:10:33
604,65.67,28346.8,-3158.31,2026/01/23 18:10:33
605,65.78,28340.8,-3157.08,2026/01/23 18:10:33
606,65.89,28349.8,-3157.62,2026/01/23 18:10:33
607,66,28339.6,-3155.41,2026/01/23 18:10:33
608,66.1,28347.9,-3154.76,2026/01/23 18:10:33
609,66.21,28342.4,-3157.55,2026/01/23 18:10:34
610,66.32,28346.4,-3155.01,2026/01/23 18:10:34
611,66.43,28341.4,-3161.62,2026/01/23 18:10:34
612,66.54,28343.9,-3151.84,2026/01/23 18:10:34
613,66.65,28339.8,-3160.49,2026/01/23 18:10:34
614,66.76,28341.6,-3150.78,2026/01/23 18:10:34
615,66.87,28340.8,-3160.02,2026/01/23 18:10:34
616,66.98,28335.9,-3154.04,2026/01/23 18:10:34
617,67.09,28342,-3158.77,2026/01/23 18:10:34
618,67.19,28333.3,-3156.66,2026/01/23 18:10:34
619,67.3,28342.8,-3155.18,2026/01/23 18:10:35
620,67.41,28331.1,-3161.79,2026/01/23 18:10:35
621,67.52,28344,-3153.16,2026/01/23 18:10:35
622,67.63,28330.7,-3161.16,2026/01/23 18:10:35
623,67.74,28341.6,-3151.91,2026/01/23 18:10:35
624,67.85,28331.4,-3158.42,2026/01/23 18:10:35
625,67.96,28335.1,-3154.56,2026/01/23 18:10:35
626,68.07,28333.9,-3156.08,2026/01/23 18:10:35
627,68.18,28329.2,-3158.56,2026/01/23 18:10:35
628,68.28,28342.1,-3152.78,2026/01/23 18:10:36
629,68.39,28324.1,-3155.37,2026/01/23 18:10:36
630,68.5,28338.7,-3157.2,2026/01/23 18:10:36
631,68.61,28326.9,-3155.04,2026/01/23 18:10:36
632,68.72,28333.6,-3157.68,2026/01/23 18:10:36
633,68.83,28343.8,-3155.7,2026/01/23 18:10:36
634,68.94,28356,-3160.74,2026/01/23 18:10:36
635,69.04,28372.8,-3153.88,2026/01/23 18:10:36
636,69.15,28377,-3161.61,2026/01/23 18:10:36
637,69.26,28395.1,-3161.15,2026/01/23 18:10:37
638,69.37,28418.2,-3159.59,2026/01/23 18:10:37
639,69.48,28416.5,-3157.73,2026/01/23 18:10:37
640,69.59,28410.6,-3158.61,2026/01/23 18:10:37
641,69.7,28409.5,-3156.03,2026/01/23 18:10:37
642,69.81,28412.1,-3156.53,2026/01/23 18:10:37
643,69.92,28387.3,-3157.72,2026/01/23 18:10:37
644,70.02,28394.1,-3158.8,2026/01/23 18:10:37
645,70.13,28398.3,-3162.15,2026/01/23 18:10:37
646,70.24,28386.8,-3155.96,2026/01/23 18:10:38
647,70.35,28343.6,-3161.87,2026/01/23 18:10:38
648,70.46,28339.1,-3149.26,2026/01/23 18:10:38
649,70.57,28319.5,-3159.95,2026/01/23 18:10:38
650,70.68,28325,-3153.14,2026/01/23 18:10:38
651,70.79,28324.6,-3155.04,2026/01/23 18:10:38
652,70.9,28334.4,-3159.94,2026/01/23 18:10:38
653,71,28355.9,-3153.23,2026/01/23 18:10:38
654,71.11,28350.9,-3158.33,2026/01/23 18:10:38
655,71.22,28369,-3157.46,2026/01/23 18:10:39
656,71.33,28369.6,-3155.21,2026/01/23 18:10:39
657,71.44,28382.7,-3160.57,2026/01/23 18:10:39
658,71.55,28384.2,-3158.93,2026/01/23 18:10:39
659,71.66,28388.4,-3156.85,2026/01/23 18:10:39
660,71.77,28393.3,-3159.35,2026/01/23 18:10:39
661,71.87,28390.9,-3158.32,2026/01/23 18:10:39
662,71.98,28403.3,-3160.45,2026/01/23 18:10:39
663,72.09,28396.1,-3161.11,2026/01/23 18:10:39
664,72.2,28416.6,-3156.29,2026/01/23 18:10:39
665,72.31,28407,-3166.32,2026/01/23 18:10:40
666,72.42,28431,-3157.04,2026/01/23 18:10:40
667,72.53,28421.1,-3161.79,2026/01/23 18:10:40
668,72.64,28433.4,-3161.33,2026/01/23 18:10:40
669,72.75,28426.7,-3160,2026/01/23 18:10:40
670,72.85,28428.8,-3161,2026/01/23 18:10:40
671,72.96,28428.4,-3158.89,2026/01/23 18:10:40
672,73.07,28419.6,-3163.25,2026/01/23 18:10:40
673,73.18,28419.6,-3158.27,2026/01/23 18:10:40
674,73.29,28397.2,-3163.94,2026/01/23 18:10:41
675,73.4,28380.1,-3152.52,2026/01/23 18:10:41
676,73.51,28368.2,-3162.56,2026/01/23 18:10:41
677,73.62,28367,-3155.86,2026/01/23 18:10:41
678,73.73,28364.6,-3160.92,2026/01/23 18:10:41
679,73.83,28365.7,-3156.03,2026/01/23 18:10:41
680,73.94,28372.2,-3154.21,2026/01/23 18:10:41
681,74.05,28362.1,-3160,2026/01/23 18:10:41
682,74.16,28383.4,-3158.87,2026/01/23 18:10:41
683,74.27,28387.4,-3157.55,2026/01/23 18:10:42
684,74.38,28405.4,-3160.26,2026/01/23 18:10:42
685,74.48,28412.7,-3160.51,2026/01/23 18:10:42
686,74.59,28420.3,-3163.09,2026/01/23 18:10:42
687,74.7,28448.4,-3162.3,2026/01/23 18:10:42
688,74.81,28440,-3162.19,2026/01/23 18:10:42
689,74.92,28449.4,-3155.95,2026/01/23 18:10:42
690,75.03,28436.7,-3167.73,2026/01/23 18:10:42
691,75.14,28442.9,-3155.87,2026/01/23 18:10:42
692,75.25,28427.9,-3160.54,2026/01/23 18:10:43
693,75.35,28438.8,-3163.36,2026/01/23 18:10:43
694,75.46,28431.3,-3160.58,2026/01/23 18:10:43
695,75.57,28407.3,-3162.88,2026/01/23 18:10:43
696,75.68,28390.4,-3154.45,2026/01/23 18:10:43
697,75.79,28374.3,-3159.06,2026/01/23 18:10:43
698,75.9,28386.6,-3157.55,2026/01/23 18:10:43
699,76.01,28379.3,-3157.97,2026/01/23 18:10:43
700,76.12,28387.4,-3154.41,2026/01/23 18:10:43
701,76.23,28373.7,-3163.06,2026/01/23 18:10:44
702,76.34,28394.5,-3154.57,2026/01/23 18:10:44
703,76.44,28389.7,-3158.63,2026/01/23 18:10:44
704,76.55,28407.9,-3159.08,2026/01/23 18:10:44
705,76.67,28406.6,-3158.1,2026/01/23 18:10:44
706,76.77,28415.7,-3161.2,2026/01/23 18:10:44
707,76.88,28423.5,-3159.49,2026/01/23 18:10:44
708,76.99,28421.8,-3161.13,2026/01/23 18:10:44
709,77.1,28433.9,-3161.07,2026/01/23 18:10:44
710,77.21,28428.4,-3163.77,2026/01/23 18:10:44
711,77.32,28443,-3158.14,2026/01/23 18:10:45
712,77.43,28437.9,-3167.32,2026/01/23 18:10:45
713,77.54,28459.4,-3157.09,2026/01/23 18:10:45
714,77.64,28455,-3164.62,2026/01/23 18:10:45
715,77.75,28470.3,-3163.94,2026/01/23 18:10:45
716,77.86,28464.3,-3159.71,2026/01/23 18:10:45
717,77.97,28458.6,-3162.81,2026/01/23 18:10:45
718,78.08,28460.9,-3159.95,2026/01/23 18:10:45
719,78.19,28459.4,-3164.18,2026/01/23 18:10:45
720,78.3,28456.1,-3159.4,2026/01/23 18:10:46
721,78.41,28430.9,-3162.81,2026/01/23 18:10:46
722,78.51,28414.1,-3152.55,2026/01/23 18:10:46
723,78.62,28399.1,-3166.74,2026/01/23 18:10:46
724,78.73,28411.4,-3154.67,2026/01/23 18:10:46
725,78.84,28400.9,-3160.85,2026/01/23 18:10:46
726,78.95,28409,-3157.09,2026/01/23 18:10:46
727,79.06,28405.8,-3158.41,2026/01/23 18:10:46
728,79.17,28418.6,-3161.08,2026/01/23 18:10:46
729,79.28,28436.6,-3154.31,2026/01/23 18:10:47
730,79.39,28441.3,-3163.6,2026/01/23 18:10:47
731,79.5,28459.8,-3162.53,2026/01/23 18:10:47
732,79.61,28471.4,-3165.41,2026/01/23 18:10:47
733,79.71,28477.6,-3160.5,2026/01/23 18:10:47
734,79.82,28474.9,-3167.14,2026/01/23 18:10:47
735,79.93,28471,-3157.53,2026/01/23 18:10:47
736,80.04,28469.7,-3165.66,2026/01/23 18:10:47
737,80.15,28466.9,-3164.13,2026/01/23 18:10:47
738,80.26,28457.7,-3163.69,2026/01/23 18:10:48
739,80.37,28433.5,-3164.2,2026/01/23 18:10:48
740,80.48,28418.9,-3155.06,2026/01/23 18:10:48
741,80.59,28401.8,-3160.33,2026/01/23 18:10:48
742,80.69,28409.6,-3160.17,2026/01/23 18:10:48
743,80.8,28402,-3155.45,2026/01/23 18:10:48
744,80.91,28398.8,-3156.04,2026/01/23 18:10:48
745,81.02,28394.8,-3159.65,2026/01/23 18:10:48
746,81.13,28396.2,-3155.58,2026/01/23 18:10:48
747,81.24,28407,-3158.61,2026/01/23 18:10:49
748,81.35,28416.1,-3156.8,2026/01/23 18:10:49
749,81.46,28436,-3159.65,2026/01/23 18:10:49
750,81.56,28434.9,-3163.67,2026/01/23 18:10:49
751,81.67,28452.7,-3158.61,2026/01/23 18:10:49
752,81.78,28456.4,-3167.06,2026/01/23 18:10:49
753,81.89,28483.6,-3166.3,2026/01/23 18:10:49
754,82,28469.9,-3161.41,2026/01/23 18:10:49
755,82.11,28477.7,-3163.19,2026/01/23 18:10:49
756,82.22,28474.3,-3161.93,2026/01/23 18:10:50
757,82.33,28457.2,-3162.53,2026/01/23 18:10:50
758,82.44,28468.5,-3161.92,2026/01/23 18:10:50
759,82.55,28445.9,-3160.32,2026/01/23 18:10:50
760,82.65,28429.1,-3158.87,2026/01/23 18:10:50
761,82.76,28400.7,-3164.67,2026/01/23 18:10:50
762,82.87,28405.7,-3151.97,2026/01/23 18:10:50
763,82.98,28380.3,-3161.24,2026/01/23 18:10:50
764,83.09,28392.2,-3157.44,2026/01/23 18:10:50
765,83.2,28373.5,-3154.37,2026/01/23 18:10:50
766,83.31,28382.7,-3158.21,2026/01/23 18:10:51
767,83.42,28380.5,-3155.51,2026/01/23 18:10:51
768,83.53,28394.1,-3158.46,2026/01/23 18:10:51
769,83.64,28407.1,-3158.26,2026/01/23 18:10:51
770,83.74,28410.8,-3161.52,2026/01/23 18:10:51
771,83.85,28435.4,-3158.94,2026/01/23 18:10:51
772,83.96,28432.8,-3163.34,2026/01/23 18:10:51
773,84.07,28454.4,-3158.77,2026/01/23 18:10:51
774,84.18,28464.4,-3172.25,2026/01/23 18:10:51
775,84.29,28479.9,-3162.3,2026/01/23 18:10:52
776,84.4,28470.6,-3164.65,2026/01/23 18:10:52
777,84.51,28475,-3163.08,2026/01/23 18:10:52
778,84.62,28466.5,-3158.8,2026/01/23 18:10:52
779,84.73,28456.5,-3166.91,2026/01/23 18:10:52
780,84.83,28467.8,-3159.77,2026/01/23 18:10:52
781,84.94,28448,-3161.99,2026/01/23 18:10:52
782,85.05,28430.6,-3163.86,2026/01/23 18:10:52
783,85.16,28415.6,-3165.21,2026/01/23 18:10:52
784,85.27,28417,-3155.38,2026/01/23 18:10:53
785,85.38,28406,-3162.96,2026/01/23 18:10:53
786,85.49,28399.6,-3154.01,2026/01/23 18:10:53
787,85.6,28392.6,-3157.39,2026/01/23 18:10:53
788,85.71,28387.7,-3157.41,2026/01/23 18:10:53
789,85.82,28388.1,-3157.07,2026/01/23 18:10:53
790,85.92,28396.3,-3158.13,2026/01/23 18:10:53
791,86.03,28413.9,-3154.02,2026/01/23 18:10:53
792,86.14,28414.2,-3163.51,2026/01/23 18:10:53
793,86.25,28438.2,-3159.9,2026/01/23 18:10:54
794,86.36,28442.9,-3160.92,2026/01/23 18:10:54
795,86.47,28453.1,-3160.52,2026/01/23 18:10:54
796,86.58,28462.9,-3167.68,2026/01/23 18:10:54
797,86.69,28485.4,-3163.13,2026/01/23 18:10:54
798,86.79,28491.2,-3165.87,2026/01/23 18:10:54
799,86.9,28482.2,-3160.69,2026/01/23 18:10:54
800,87.01,28482.8,-3165.92,2026/01/23 18:10:54
801,87.12,28465,-3161.84,2026/01/23 18:10:54
802,87.23,28480.3,-3160.97,2026/01/23 18:10:55
803,87.34,28462.7,-3166.94,2026/01/23 18:10:55
804,87.45,28464.3,-3161.44,2026/01/23 18:10:55
805,87.56,28434.4,-3160.05,2026/01/23 18:10:55
806,87.67,28427.7,-3163.77,2026/01/23 18:10:55
807,87.78,28414.5,-3159.03,2026/01/23 18:10:55
808,87.88,28408.8,-3157.6,2026/01/23 18:10:55
809,87.99,28411.3,-3157.16,2026/01/23 18:10:55
810,88.1,28398.9,-3160.49,2026/01/23 18:10:55
811,88.21,28412.3,-3158.28,2026/01/23 18:10:56
812,88.32,28408,-3155.84,2026/01/23 18:10:56
813,88.43,28434.1,-3159.2,2026/01/23 18:10:56
814,88.54,28436.7,-3165.15,2026/01/23 18:10:56
815,88.65,28463.2,-3153.63,2026/01/23 18:10:56
816,88.76,28454.3,-3163.54,2026/01/23 18:10:56
817,88.87,28473.9,-3163.15,2026/01/23 18:10:56
818,88.97,28472.2,-3163.07,2026/01/23 18:10:56
819,89.08,28494,-3166.72,2026/01/23 18:10:56
820,89.19,28506.7,-3163.75,2026/01/23 18:10:56
821,89.3,28500,-3168.96,2026/01/23 18:10:57
822,89.41,28508.9,-3164.25,2026/01/23 18:10:57
823,89.52,28499.9,-3164.91,2026/01/23 18:10:57
824,89.63,28505.4,-3159.99,2026/01/23 18:10:57
825,89.74,28490.8,-3166.62,2026/01/23 18:10:57
826,89.85,28495.1,-3156.19,2026/01/23 18:10:57
827,89.96,28491.3,-3169,2026/01/23 18:10:57
828,90.07,28499.1,-3159,2026/01/23 18:10:57
829,90.17,28477.7,-3165.47,2026/01/23 18:10:57
830,90.28,28472.9,-3163.08,2026/01/23 18:10:58
831,90.39,28462.2,-3161.61,2026/01/23 18:10:58
832,90.5,28459.8,-3164.64,2026/01/23 18:10:58
833,90.61,28456.9,-3158.07,2026/01/23 18:10:58
834,90.72,28438.8,-3161.58,2026/01/23 18:10:58
835,90.83,28440.5,-3161.3,2026/01/23 18:10:58
836,90.94,28433.2,-3159.03,2026/01/23 18:10:58
837,91.05,28430.3,-3156.1,2026/01/23 18:10:58
838,91.15,28423.6,-3164.82,2026/01/23 18:10:58
839,91.26,28423.4,-3154.45,2026/01/23 18:10:59
840,91.37,28423.1,-3158.59,2026/01/23 18:10:59
841,91.48,28421.6,-3154.58,2026/01/23 18:10:59
842,91.59,28431.7,-3158.83,2026/01/23 18:10:59
843,91.7,28428.8,-3162.82,2026/01/23 18:10:59
844,91.81,28452.7,-3155.46,2026/01/23 18:10:59
845,91.92,28444.5,-3160.06,2026/01/23 18:10:59
846,92.02,28465.8,-3163.31,2026/01/23 18:10:59
847,92.13,28463,-3158.44,2026/01/23 18:10:59
848,92.24,28472.7,-3161.05,2026/01/23 18:11:00
849,92.35,28470.7,-3160.02,2026/01/23 18:11:00
850,92.46,28452.2,-3156.36,2026/01/23 18:11:00
851,92.57,28443.5,-3159.21,2026/01/23 18:11:00
852,92.68,28429.9,-3156.77,2026/01/23 18:11:00
853,92.79,28435,-3158.56,2026/01/23 18:11:00
854,92.9,28422.4,-3159.79,2026/01/23 18:11:00
855,93.01,28434,-3152.76,2026/01/23 18:11:00
856,93.11,28418.4,-3161.62,2026/01/23 18:11:00
857,93.22,28435.6,-3158.52,2026/01/23 18:11:01
858,93.33,28427.4,-3157.5,2026/01/23 18:11:01
859,93.44,28437.4,-3157.53,2026/01/23 18:11:01
860,93.55,28444.7,-3156.21,2026/01/23 18:11:01
861,93.66,28446.1,-3162.35,2026/01/23 18:11:01
862,93.77,28459.8,-3157.34,2026/01/23 18:11:01
863,93.88,28456.1,-3158.78,2026/01/23 18:11:01
864,93.98,28461.6,-3156.74,2026/01/23 18:11:01
865,94.09,28463.7,-3162.99,2026/01/23 18:11:01
866,94.2,28469.8,-3154.34,2026/01/23 18:11:01
867,94.31,28468.5,-3164.42,2026/01/23 18:11:02
868,94.42,28482.9,-3154.65,2026/01/23 18:11:02
869,94.53,28473,-3163.49,2026/01/23 18:11:02
870,94.64,28479.2,-3158.38,2026/01/23 18:11:02
871,94.75,28466.5,-3159.47,2026/01/23 18:11:02
872,94.86,28449.6,-3162,2026/01/23 18:11:02
873,94.97,28445.9,-3154.73,2026/01/23 18:11:02
874,95.07,28433,-3160.18,2026/01/23 18:11:02
875,95.18,28438.3,-3157.57,2026/01/23 18:11:02
876,95.29,28426.4,-3155.52,2026/01/23 18:11:03
877,95.4,28427.1,-3156.53,2026/01/23 18:11:03
878,95.51,28423.2,-3158.95,2026/01/23 18:11:03
879,95.62,28424.5,-3154.87,2026/01/23 18:11:03
880,95.73,28429,-3157.89,2026/01/23 18:11:03
881,95.84,28432.4,-3154.72,2026/01/23 18:11:03
882,95.95,28447.4,-3159.09,2026/01/23 18:11:03
883,96.05,28445.7,-3158.23,2026/01/23 18:11:03
884,96.16,28464,-3153.3,2026/01/23 18:11:03
885,96.27,28453.2,-3164.28,2026/01/23 18:11:04
886,96.38,28473.7,-3153.99,2026/01/23 18:11:04
887,96.49,28464.2,-3158.69,2026/01/23 18:11:04
888,96.6,28483.2,-3160.82,2026/01/23 18:11:04
889,96.71,28478.5,-3156.17,2026/01/23 18:11:04
890,96.82,28477.6,-3162.29,2026/01/23 18:11:04
891,96.93,28466.1,-3152.77,2026/01/23 18:11:04
892,97.03,28442.1,-3159.58,2026/01/23 18:11:04
893,97.14,28447.3,-3155.5,2026/01/23 18:11:04
894,97.25,28436.9,-3158.01,2026/01/23 18:11:05
895,97.36,28433.7,-3153.19,2026/01/23 18:11:05
896,97.47,28431,-3158.75,2026/01/23 18:11:05
897,97.58,28428.3,-3153.72,2026/01/23 18:11:05
898,97.69,28426.2,-3159.95,2026/01/23 18:11:05
899,97.8,28425.1,-3154.92,2026/01/23 18:11:05
900,97.91,28432.6,-3157.57,2026/01/23 18:11:05
901,98.02,28442.6,-3154.29,2026/01/23 18:11:05
902,98.13,28457.6,-3154.88,2026/01/23 18:11:05
903,98.23,28453.6,-3160.62,2026/01/23 18:11:06
904,98.34,28472.9,-3155.52,2026/01/23 18:11:06
905,98.45,28459.3,-3159.85,2026/01/23 18:11:06
906,98.56,28480.6,-3160.42,2026/01/23 18:11:06
907,98.67,28474.1,-3156.2,2026/01/23 18:11:06
908,98.78,28485.9,-3159.42,2026/01/23 18:11:06
909,98.89,28478.2,-3157.29,2026/01/23 18:11:06
910,99,28456.2,-3159.33,2026/01/23 18:11:06
911,99.11,28452.9,-3154.34,2026/01/23 18:11:06
912,99.21,28437.8,-3159.27,2026/01/23 18:11:07
913,99.32,28442.4,-3154.75,2026/01/23 18:11:07
914,99.43,28434.4,-3158,2026/01/23 18:11:07
915,99.54,28437.8,-3155.7,2026/01/23 18:11:07
916,99.65,28433.4,-3161.2,2026/01/23 18:11:07
917,99.76,28436.4,-3149.77,2026/01/23 18:11:07
918,99.87,28432,-3162.24,2026/01/23 18:11:07
919,99.98,28440.8,-3150.44,2026/01/23 18:11:07
920,100.09,28445.2,-3159.27,2026/01/23 18:11:07
921,100.2,28456.4,-3154.35,2026/01/23 18:11:07
922,100.31,28464.4,-3159.79,2026/01/23 18:11:08
923,100.41,28470.5,-3160.16,2026/01/23 18:11:08
924,100.52,28486.9,-3155.47,2026/01/23 18:11:08
925,100.63,28478.4,-3161.47,2026/01/23 18:11:08
926,100.74,28497.6,-3156.13,2026/01/23 18:11:08
927,100.85,28480.2,-3158.27,2026/01/23 18:11:08
928,100.96,28484.7,-3160.2,2026/01/23 18:11:08
929,101.07,28459.2,-3156.54,2026/01/23 18:11:08
930,101.18,28451,-3157.42,2026/01/23 18:11:08
931,101.29,28443.6,-3153.58,2026/01/23 18:11:09
932,101.39,28434.6,-3159.49,2026/01/23 18:11:09
933,101.5,28440.6,-3152.22,2026/01/23 18:11:09
934,101.61,28431,-3154.5,2026/01/23 18:11:09
935,101.72,28432.5,-3156.69,2026/01/23 18:11:09
936,101.83,28432,-3155.1,2026/01/23 18:11:09
937,101.94,28439,-3155.14,2026/01/23 18:11:09
938,102.05,28454.3,-3155,2026/01/23 18:11:09
939,102.15,28452.6,-3155.99,2026/01/23 18:11:09
940,102.26,28470.7,-3154.72,2026/01/23 18:11:10
941,102.37,28472.6,-3157.96,2026/01/23 18:11:10
942,102.48,28483.1,-3153.85,2026/01/23 18:11:10
943,102.59,28484,-3161.99,2026/01/23 18:11:10
944,102.7,28480,-3153.71,2026/01/23 18:11:10
945,102.81,28458.7,-3158.9,2026/01/23 18:11:10
946,102.92,28443.2,-3155.48,2026/01/23 18:11:10
947,103.02,28442.5,-3156.76,2026/01/23 18:11:10
948,103.13,28430.7,-3153.59,2026/01/23 18:11:10
949,103.24,28438.7,-3152.4,2026/01/23 18:11:11
950,103.35,28427.3,-3162.28,2026/01/23 18:11:11
951,103.46,28440.2,-3150.7,2026/01/23 18:11:11
952,103.57,28432.8,-3158,2026/01/23 18:11:11
953,103.68,28452,-3153.54,2026/01/23 18:11:11
954,103.78,28459,-3154.73,2026/01/23 18:11:11
955,103.89,28469.6,-3152.61,2026/01/23 18:11:11
956,104,28483.3,-3155.83,2026/01/23 18:11:11
957,104.11,28484.6,-3159.65,2026/01/23 18:11:11
958,104.22,28503,-3156.06,2026/01/23 18:11:12
959,104.33,28488,-3163.66,2026/01/23 18:11:12
960,104.44,28495.7,-3154.54,2026/01/23 18:11:12
961,104.55,28462.4,-3156.91,2026/01/23 18:11:12
962,104.66,28461.8,-3155.97,2026/01/23 18:11:12
963,104.76,28448.9,-3155.05,2026/01/23 18:11:12
964,104.87,28446.1,-3154.47,2026/01/23 18:11:12
965,104.98,28445.7,-3150.52,2026/01/23 18:11:12
966,105.09,28440.4,-3158.51,2026/01/23 18:11:12
967,105.2,28458.4,-3154.42,2026/01/23 18:11:12
968,105.31,28450.4,-3155.27,2026/01/23 18:11:13
969,105.42,28473.1,-3158.03,2026/01/23 18:11:13
970,105.53,28471.5,-3154.98,2026/01/23 18:11:13
971,105.64,28484.9,-3160.26,2026/01/23 18:11:13
972,105.74,28487.5,-3155.95,2026/01/23 18:11:13
973,105.85,28498.5,-3159.01,2026/01/23 18:11:13
974,105.96,28506.2,-3155.52,2026/01/23 18:11:13
975,106.07,28499.1,-3162.7,2026/01/23 18:11:13
976,106.18,28496.5,-3155.03,2026/01/23 18:11:13
977,106.29,28468.7,-3154.7,2026/01/23 18:11:14
978,106.4,28468,-3157.76,2026/01/23 18:11:14
979,106.51,28452,-3152.43,2026/01/23 18:11:14
980,106.62,28452.9,-3157.99,2026/01/23 18:11:14
981,106.73,28452,-3153.34,2026/01/23 18:11:14
982,106.83,28451.8,-3156.59,2026/01/23 18:11:14
983,106.94,28453.5,-3151.82,2026/01/23 18:11:14
984,107.05,28448.8,-3161.67,2026/01/23 18:11:14
985,107.16,28462.5,-3153.06,2026/01/23 18:11:14
986,107.27,28465.3,-3158.44,2026/01/23 18:11:15
987,107.38,28484.5,-3157.59,2026/01/23 18:11:15
988,107.49,28488.2,-3154.51,2026/01/23 18:11:15
989,107.6,28506.2,-3161,2026/01/23 18:11:15
990,107.71,28508.2,-3159.63,2026/01/23 18:11:15
991,107.82,28508.4,-3158.71,2026/01/23 18:11:15
992,107.93,28498.8,-3156.33,2026/01/23 18:11:15
993,108.03,28475.1,-3157.36,2026/01/23 18:11:15
994,108.14,28473.5,-3150.21,2026/01/23 18:11:15
995,108.25,28459.9,-3156.51,2026/01/23 18:11:16
996,108.36,28464.9,-3154.38,2026/01/23 18:11:16
997,108.47,28461,-3153.81,2026/01/23 18:11:16
998,108.58,28464.9,-3156.28,2026/01/23 18:11:16
999,108.69,28469,-3154.98,2026/01/23 18:11:16
1000,108.8,28467.8,-3155.64,2026/01/23 18:11:16
1001,108.9,28472.6,-3152.42,2026/01/23 18:11:16
1002,109.01,28465.1,-3159.48,2026/01/23 18:11:16
1003,109.12,28474.4,-3153.91,2026/01/23 18:11:16
1004,109.23,28469.4,-3154.32,2026/01/23 18:11:17
1005,109.34,28472.5,-3157.33,2026/01/23 18:11:17
1006,109.45,28469.6,-3156.07,2026/01/23 18:11:17
1007,109.56,28474.1,-3154.61,2026/01/23 18:11:17
1008,109.67,28472.4,-3155.23,2026/01/23 18:11:17
1009,109.78,28472.5,-3156.6,2026/01/23 18:11:17
1010,109.88,28477.8,-3153.65,2026/01/23 18:11:17
1011,109.99,28470,-3159.24,2026/01/23 18:11:17
1012,110.1,28477.4,-3154.97,2026/01/23 18:11:17
1013,110.21,28472.8,-3158.64,2026/01/23 18:11:18
1014,110.32,28478.3,-3157,2026/01/23 18:11:18
1015,110.43,28473.3,-3155.29,2026/01/23 18:11:18
1016,110.54,28480.6,-3157.66,2026/01/23 18:11:18
1017,110.65,28475.5,-3154.41,2026/01/23 18:11:18
1018,110.76,28481.4,-3156.96,2026/01/23 18:11:18
1019,110.87,28480.2,-3153.29,2026/01/23 18:11:18
1020,110.98,28478.4,-3158.67,2026/01/23 18:11:18
1021,111.08,28486,-3151.71,2026/01/23 18:11:18
1022,111.19,28477.3,-3159.72,2026/01/23 18:11:18
1023,111.3,28485.1,-3155.43,2026/01/23 18:11:19
1024,111.41,28477.1,-3152.81,2026/01/23 18:11:19
1025,111.52,28487.2,-3155.88,2026/01/23 18:11:19
1026,111.63,28478.8,-3152.28,2026/01/23 18:11:19
1027,111.74,28485.7,-3156.69,2026/01/23 18:11:19
1028,111.85,28482.3,-3153.5,2026/01/23 18:11:19
1029,111.95,28481.2,-3159.12,2026/01/23 18:11:19
1030,112.06,28489.1,-3153.13,2026/01/23 18:11:19
1031,112.17,28479.7,-3158.39,2026/01/23 18:11:19
1032,112.28,28494.1,-3151.57,2026/01/23 18:11:20
1033,112.39,28477.6,-3157.32,2026/01/23 18:11:20
1034,112.5,28494.7,-3152.13,2026/01/23 18:11:20
1035,112.61,28479,-3154.78,2026/01/23 18:11:20
1036,112.72,28491.5,-3154.32,2026/01/23 18:11:20
1037,112.83,28481.6,-3157.38,2026/01/23 18:11:20
1038,112.94,28488.6,-3152.67,2026/01/23 18:11:20
1039,113.04,28484.7,-3156.78,2026/01/23 18:11:20
1040,113.15,28480.6,-3155.78,2026/01/23 18:11:20
1041,113.26,28489.6,-3152.81,2026/01/23 18:11:21
1042,113.37,28475.8,-3159.81,2026/01/23 18:11:21
1043,113.48,28491.1,-3149.19,2026/01/23 18:11:21
1044,113.59,28479.4,-3160.15,2026/01/23 18:11:21
1045,113.7,28484.9,-3151.6,2026/01/23 18:11:21
1046,113.81,28486.2,-3155.5,2026/01/23 18:11:21
1047,113.91,28479.5,-3153.55,2026/01/23 18:11:21
1048,114.03,28488.5,-3157.37,2026/01/23 18:11:21
1049,114.13,28479.9,-3156.07,2026/01/23 18:11:21
1050,114.24,28486.1,-3153.6,2026/01/23 18:11:22
1051,114.35,28483.1,-3158.06,2026/01/23 18:11:22
1052,114.46,28483.5,-3154.65,2026/01/23 18:11:22
1053,114.57,28482.9,-3155.89,2026/01/23 18:11:22
1054,114.68,28481.6,-3156.9,2026/01/23 18:11:22
1055,114.78,28484.5,-3153.88,2026/01/23 18:11:22
1056,114.89,28481.1,-3157.37,2026/01/23 18:11:22
1057,115,28487.6,-3152.85,2026/01/23 18:11:22
1058,115.11,28479.3,-3155.54,2026/01/23 18:11:22
1059,115.22,28488.5,-3154.97,2026/01/23 18:11:23
1060,115.33,28475.7,-3151.84,2026/01/23 18:11:23
1061,115.44,28487.7,-3157.62,2026/01/23 18:11:23
1062,115.55,28475.3,-3153.08,2026/01/23 18:11:23
1063,115.66,28484.4,-3156,2026/01/23 18:11:23
1064,115.77,28479,-3156.51,2026/01/23 18:11:23
1065,115.88,28481.5,-3153.98,2026/01/23 18:11:23
1066,115.98,28485.1,-3155.86,2026/01/23 18:11:23
1067,116.09,28475.4,-3157.05,2026/01/23 18:11:23
1068,116.2,28484.8,-3152.28,2026/01/23 18:11:23
1069,116.31,28475.7,-3162.66,2026/01/23 18:11:24
1070,116.42,28482.5,-3149.94,2026/01/23 18:11:24
1071,116.53,28477.3,-3159.02,2026/01/23 18:11:24
1072,116.64,28476.3,-3151.73,2026/01/23 18:11:24
1073,116.75,28483.6,-3155.08,2026/01/23 18:11:24
1074,116.85,28472.8,-3157.21,2026/01/23 18:11:24
1075,116.96,28478.6,-3153.36,2026/01/23 18:11:24
1076,117.07,28474.5,-3156.09,2026/01/23 18:11:24
1077,117.18,28479.9,-3157.03,2026/01/23 18:11:24
1078,117.29,28472.5,-3150.73,2026/01/23 18:11:25
1079,117.4,28478.7,-3156.8,2026/01/23 18:11:25
1080,117.51,28471.4,-3154.17,2026/01/23 18:11:25
1081,117.62,28475.9,-3155.47,2026/01/23 18:11:25
1082,117.73,28476,-3153.26,2026/01/23 18:11:25
1083,117.83,28468,-3158.17,2026/01/23 18:11:25
1084,117.94,28481.7,-3147.86,2026/01/23 18:11:25
1085,118.05,28466.5,-3161.96,2026/01/23 18:11:25
1086,118.16,28475.6,-3151.09,2026/01/23 18:11:25
1087,118.27,28471.6,-3159.38,2026/01/23 18:11:26
1088,118.38,28469.1,-3154.58,2026/01/23 18:11:26
1089,118.49,28476.6,-3156.34,2026/01/23 18:11:26
1090,118.59,28466.8,-3157.98,2026/01/23 18:11:26
1091,118.71,28471.7,-3153.03,2026/01/23 18:11:26
1092,118.81,28463.1,-3158.26,2026/01/23 18:11:26
1093,118.92,28471.9,-3155.47,2026/01/23 18:11:26
1094,119.03,28462.7,-3152.55,2026/01/23 18:11:26
1095,119.14,28475.1,-3158.57,2026/01/23 18:11:26
1096,119.25,28464.8,-3155.21,2026/01/23 18:11:27
1097,119.36,28470.3,-3155.46,2026/01/23 18:11:27
1098,119.47,28469.4,-3158.08,2026/01/23 18:11:27
1099,119.58,28466.1,-3154.94,2026/01/23 18:11:27
1100,119.68,28473.8,-3152.98,2026/01/23 18:11:27
1101,119.79,28464.5,-3157.56,2026/01/23 18:11:27
1102,119.9,28470.2,-3151.13,2026/01/23 18:11:27
1103,120.01,28468,-3158.08,2026/01/23 18:11:27
1104,120.12,28466.1,-3157.29,2026/01/23 18:11:27
1105,120.23,28468.9,-3155.42,2026/01/23 18:11:28
1106,120.34,28465,-3158.33,2026/01/23 18:11:28
1107,120.45,28471.4,-3153.39,2026/01/23 18:11:28
1108,120.55,28460.5,-3156.53,2026/01/23 18:11:28
1109,120.66,28475.5,-3154.9,2026/01/23 18:11:28
1110,120.77,28458.9,-3158,2026/01/23 18:11:28
1111,120.88,28473.5,-3153.85,2026/01/23 18:11:28
1112,120.99,28469.1,-3157.29,2026/01/23 18:11:28
1113,121.1,28464.7,-3154.45,2026/01/23 18:11:28
1114,121.21,28472.2,-3156.99,2026/01/23 18:11:28
1115,121.32,28462.9,-3157.13,2026/01/23 18:11:29
1116,121.42,28469.2,-3154.58,2026/01/23 18:11:29
1117,121.53,28467.4,-3155.3,2026/01/23 18:11:29
1118,121.64,28468.7,-3157.39,2026/01/23 18:11:29
1119,121.75,28466.4,-3154.16,2026/01/23 18:11:29
1120,121.86,28470.2,-3158.34,2026/01/23 18:11:29
1121,121.97,28465.8,-3154.04,2026/01/23 18:11:29
1122,122.08,28464.2,-3159.34,2026/01/23 18:11:29
1123,122.19,28472.8,-3154.31,2026/01/23 18:11:29
1124,122.29,28459.9,-3160.36,2026/01/23 18:11:30
1125,122.4,28473.1,-3149.41,2026/01/23 18:11:30
1126,122.51,28464.6,-3161.64,2026/01/23 18:11:30
1127,122.62,28467.2,-3153.31,2026/01/23 18:11:30
1128,122.73,28472.2,-3154.67,2026/01/23 18:11:30
1129,122.84,28463.9,-3159.83,2026/01/23 18:11:30
1130,122.95,28471.9,-3152.95,2026/01/23 18:11:30
1131,123.06,28464.6,-3154.58,2026/01/23 18:11:30
1132,123.16,28474.3,-3159.87,2026/01/23 18:11:30
1133,123.27,28464,-3154.72,2026/01/23 18:11:31
1134,123.38,28475.8,-3156.02,2026/01/23 18:11:31
1135,123.49,28465.5,-3156.16,2026/01/23 18:11:31
1136,123.6,28468.2,-3154.2,2026/01/23 18:11:31
1137,123.71,28473.8,-3155.96,2026/01/23 18:11:31
1138,123.82,28465.3,-3158.23,2026/01/23 18:11:31
1139,123.93,28471.8,-3154.88,2026/01/23 18:11:31
1140,124.04,28470.5,-3160.3,2026/01/23 18:11:31
1141,124.14,28471.6,-3156.57,2026/01/23 18:11:31
1142,124.25,28470.2,-3155.17,2026/01/23 18:11:32
1143,124.36,28470.4,-3158.43,2026/01/23 18:11:32
1144,124.47,28469.7,-3152.47,2026/01/23 18:11:32
1145,124.58,28465.7,-3160.91,2026/01/23 18:11:32
1146,124.69,28474.8,-3155.05,2026/01/23 18:11:32
1147,124.8,28460.6,-3160.85,2026/01/23 18:11:32
1148,124.91,28476.1,-3152.56,2026/01/23 18:11:32
1149,125.02,28462.8,-3161.94,2026/01/23 18:11:32
1150,125.13,28471.5,-3148.08,2026/01/23 18:11:32
1151,125.23,28467.6,-3161.36,2026/01/23 18:11:33
1152,125.34,28468.8,-3153.27,2026/01/23 18:11:33
1153,125.45,28469.5,-3155.78,2026/01/23 18:11:33
1154,125.56,28464.3,-3158.13,2026/01/23 18:11:33
1155,125.67,28472.8,-3151,2026/01/23 18:11:33
1156,125.78,28464,-3158.46,2026/01/23 18:11:33
1157,125.89,28474.2,-3152.56,2026/01/23 18:11:33
1158,126,28457.9,-3159.15,2026/01/23 18:11:33
1159,126.11,28477.2,-3151.05,2026/01/23 18:11:33
1160,126.22,28463.7,-3157.75,2026/01/23 18:11:34
1161,126.32,28470.2,-3151.04,2026/01/23 18:11:34
1162,126.43,28471.8,-3156,2026/01/23 18:11:34
1163,126.54,28466.1,-3155.46,2026/01/23 18:11:34
1164,126.65,28478.2,-3156.8,2026/01/23 18:11:34
1165,126.76,28477.5,-3156.07,2026/01/23 18:11:34
1166,126.87,28481.3,-3157,2026/01/23 18:11:34
1167,126.98,28479.7,-3153.74,2026/01/23 18:11:34
1168,127.09,28488.6,-3158.77,2026/01/23 18:11:34
1169,127.19,28486.8,-3154.67,2026/01/23 18:11:34
1170,127.3,28490.9,-3158.85,2026/01/23 18:11:35
1171,127.41,28489.7,-3158.56,2026/01/23 18:11:35
1172,127.52,28488.6,-3157.14,2026/01/23 18:11:35
1173,127.63,28502.6,-3153.26,2026/01/23 18:11:35
1174,127.74,28493.8,-3161.78,2026/01/23 18:11:35
1175,127.85,28505.7,-3150.82,2026/01/23 18:11:35
1176,127.96,28500,-3164.35,2026/01/23 18:11:35
1177,128.07,28506.2,-3153.61,2026/01/23 18:11:35
1178,128.18,28509.8,-3157.99,2026/01/23 18:11:35
1179,128.28,28503.5,-3160.52,2026/01/23 18:11:36
1180,128.39,28515.8,-3152.63,2026/01/23 18:11:36
1181,128.5,28510.1,-3161.45,2026/01/23 18:11:36
1182,128.61,28523.1,-3155.98,2026/01/23 18:11:36
1183,128.72,28509.5,-3160.13,2026/01/23 18:11:36
1184,128.83,28527.5,-3158.82,2026/01/23 18:11:36
1185,128.94,28512.3,-3159.94,2026/01/23 18:11:36
1186,129.05,28524,-3157.61,2026/01/23 18:11:36
1187,129.16,28519.7,-3162.64,2026/01/23 18:11:36
1188,129.26,28521.2,-3157.45,2026/01/23 18:11:37
1189,129.37,28529,-3160.34,2026/01/23 18:11:37
1190,129.48,28520.8,-3158.6,2026/01/23 18:11:37
1191,129.59,28530.3,-3158.01,2026/01/23 18:11:37
1192,129.7,28528.6,-3160.75,2026/01/23 18:11:37
1193,129.81,28529.4,-3162.24,2026/01/23 18:11:37
1194,129.92,28527.6,-3157.95,2026/01/23 18:11:37
1195,130.03,28530.3,-3162.5,2026/01/23 18:11:37
1196,130.13,28528.8,-3158.11,2026/01/23 18:11:37
1197,130.24,28527.7,-3164.19,2026/01/23 18:11:38
1198,130.35,28540,-3158.21,2026/01/23 18:11:38
1199,130.46,28526.4,-3165.59,2026/01/23 18:11:38
1200,130.57,28540.6,-3152.85,2026/01/23 18:11:38
1201,130.68,28532.7,-3166.21,2026/01/23 18:11:38
1202,130.79,28542.2,-3156.45,2026/01/23 18:11:38
1203,130.9,28544.6,-3163.13,2026/01/23 18:11:38
1204,131.01,28542.9,-3159.65,2026/01/23 18:11:38
1205,131.12,28548.1,-3160.35,2026/01/23 18:11:38
1206,131.22,28543.4,-3164.3,2026/01/23 18:11:39
1207,131.33,28553.1,-3161.17,2026/01/23 18:11:39
1208,131.44,28545.5,-3162.3,2026/01/23 18:11:39
1209,131.55,28557.5,-3165.57,2026/01/23 18:11:39
1210,131.66,28545.4,-3162.6,2026/01/23 18:11:39
1211,131.77,28561,-3164.53,2026/01/23 18:11:39
1212,131.88,28556.1,-3163.27,2026/01/23 18:11:39
1213,131.99,28562.2,-3163.06,2026/01/23 18:11:39
1214,132.1,28569.3,-3163.64,2026/01/23 18:11:39
1215,132.2,28562.2,-3165.93,2026/01/23 18:11:39
1216,132.31,28571.4,-3159.84,2026/01/23 18:11:40
1217,132.42,28562.6,-3169.4,2026/01/23 18:11:40
1218,132.53,28565.6,-3159.25,2026/01/23 18:11:40
1219,132.64,28562.5,-3165.74,2026/01/23 18:11:40
1220,132.75,28562.8,-3165.17,2026/01/23 18:11:40
1221,132.86,28561.5,-3162.46,2026/01/23 18:11:40
1222,132.97,28559.4,-3165.83,2026/01/23 18:11:40
1223,133.08,28561.7,-3157.78,2026/01/23 18:11:40
1224,133.18,28554.2,-3166.73,2026/01/23 18:11:40
1225,133.29,28564.5,-3160.6,2026/01/23 18:11:41
1226,133.4,28546.1,-3166.6,2026/01/23 18:11:41
1227,133.51,28557.6,-3162.43,2026/01/23 18:11:41
1228,133.62,28554.2,-3161.52,2026/01/23 18:11:41
1229,133.73,28549.9,-3161.03,2026/01/23 18:11:41
1230,133.84,28556.9,-3164.42,2026/01/23 18:11:41
1231,133.95,28544.7,-3163.21,2026/01/23 18:11:41
1232,134.05,28548,-3161.56,2026/01/23 18:11:41
1233,134.16,28543.1,-3165.14,2026/01/23 18:11:41
1234,134.27,28540.5,-3161.45,2026/01/23 18:11:42
1235,134.38,28536.5,-3161.39,2026/01/23 18:11:42
1236,134.49,28532.3,-3164.26,2026/01/23 18:11:42
1237,134.6,28532.5,-3161.05,2026/01/23 18:11:42
1238,134.71,28526.5,-3167.15,2026/01/23 18:11:42
1239,134.82,28534.5,-3157.9,2026/01/23 18:11:42
1240,134.92,28520.5,-3165.53,2026/01/23 18:11:42
1241,135.03,28534.3,-3160.39,2026/01/23 18:11:42
1242,135.14,28521.4,-3165.06,2026/01/23 18:11:42
1243,135.25,28525.6,-3158.5,2026/01/23 18:11:43
1244,135.36,28522.9,-3161.11,2026/01/23 18:11:43
1245,135.47,28513.1,-3162.86,2026/01/23 18:11:43
1246,135.58,28521.5,-3157.8,2026/01/23 18:11:43
1247,135.68,28513.9,-3161.75,2026/01/23 18:11:43
1248,135.79,28513.7,-3159.3,2026/01/23 18:11:43
1249,135.9,28511.4,-3161.18,2026/01/23 18:11:43
1250,136.01,28510,-3161.85,2026/01/23 18:11:43
1251,136.12,28509.4,-3156.79,2026/01/23 18:11:43
1252,136.23,28504.2,-3164.32,2026/01/23 18:11:44
1253,136.34,28512.8,-3155.84,2026/01/23 18:11:44
1254,136.45,28497,-3161.85,2026/01/23 18:11:44
1255,136.55,28509.9,-3154.56,2026/01/23 18:11:44
1256,136.66,28493.4,-3161.52,2026/01/23 18:11:44
1257,136.77,28507.1,-3156.09,2026/01/23 18:11:44
1258,136.88,28497.7,-3160.84,2026/01/23 18:11:44
1259,136.99,28501.5,-3154.15,2026/01/23 18:11:44
1260,137.1,28501.6,-3158.82,2026/01/23 18:11:44
1261,137.21,28495.6,-3157.89,2026/01/23 18:11:44
1262,137.32,28503.6,-3158.34,2026/01/23 18:11:45
1263,137.43,28493.3,-3160.23,2026/01/23 18:11:45
1264,137.53,28496.6,-3158.34,2026/01/23 18:11:45
1265,137.64,28494.7,-3155.12,2026/01/23 18:11:45
1266,137.75,28493.8,-3157.97,2026/01/23 18:11:45
1267,137.86,28490.5,-3154.69,2026/01/23 18:11:45
1268,137.97,28491.3,-3159.05,2026/01/23 18:11:45
1269,138.08,28492,-3151.94,2026/01/23 18:11:45
1270,138.19,28483.6,-3161.04,2026/01/23 18:11:45
1271,138.3,28503.1,-3153.14,2026/01/23 18:11:46
1272,138.4,28485.9,-3161.86,2026/01/23 18:11:46
1273,138.51,28502.4,-3153.12,2026/01/23 18:11:46
1274,138.62,28493.4,-3160.07,2026/01/23 18:11:46
1275,138.73,28499.6,-3154.42,2026/01/23 18:11:46
1276,138.84,28511.6,-3158.62,2026/01/23 18:11:46
1277,138.95,28506.5,-3159.9,2026/01/23 18:11:46
1278,139.06,28514.4,-3154.53,2026/01/23 18:11:46
1279,139.16,28516.3,-3161.53,2026/01/23 18:11:46
1280,139.27,28517.6,-3156.58,2026/01/23 18:11:47
1281,139.38,28522.1,-3158.16,2026/01/23 18:11:47
1282,139.49,28517.7,-3160.69,2026/01/23 18:11:47
1283,139.6,28527.7,-3154.54,2026/01/23 18:11:47
1284,139.71,28519.3,-3160,2026/01/23 18:11:47
1285,139.82,28534.3,-3158.06,2026/01/23 18:11:47
1286,139.93,28526.5,-3157.04,2026/01/23 18:11:47
1287,140.03,28534.8,-3158.65,2026/01/23 18:11:47
1288,140.14,28532.6,-3158.51,2026/01/23 18:11:47
1289,140.25,28538.8,-3158.47,2026/01/23 18:11:48
1290,140.36,28543.6,-3154.34,2026/01/23 18:11:48
1291,140.47,28529.7,-3164.67,2026/01/23 18:11:48
1292,140.57,28547.9,-3154.25,2026/01/23 18:11:48
1293,140.68,28546,-3163.84,2026/01/23 18:11:48
1294,140.79,28549.7,-3155.78,2026/01/23 18:11:48
1295,140.9,28554.4,-3163.06,2026/01/23 18:11:48
1296,141.01,28547.5,-3161.04,2026/01/23 18:11:48
1297,141.12,28558.4,-3161.64,2026/01/23 18:11:48
1298,141.23,28553.2,-3164.19,2026/01/23 18:11:49
1299,141.34,28560.1,-3161.57,2026/01/23 18:11:49
1300,141.45,28558.3,-3159.74,2026/01/23 18:11:49
1301,141.56,28564,-3162.73,2026/01/23 18:11:49
1302,141.67,28558.8,-3158.04,2026/01/23 18:11:49
1303,141.78,28565.7,-3163.21,2026/01/23 18:11:49
1304,141.88,28556.8,-3160.47,2026/01/23 18:11:49
1305,141.99,28568.3,-3162.83,2026/01/23 18:11:49
1306,142.1,28564.7,-3160.17,2026/01/23 18:11:49
1307,142.21,28572.3,-3161.73,2026/01/23 18:11:50
1308,142.32,28574,-3164.11,2026/01/23 18:11:50
1309,142.43,28571.5,-3164.45,2026/01/23 18:11:50
1310,142.54,28587.7,-3159.45,2026/01/23 18:11:50
1311,142.65,28577.2,-3168.77,2026/01/23 18:11:50
1312,142.76,28587.4,-3158.26,2026/01/23 18:11:50
1313,142.86,28590.9,-3163.63,2026/01/23 18:11:50
1314,142.97,28585.9,-3163.65,2026/01/23 18:11:50
1315,143.08,28596.4,-3164.07,2026/01/23 18:11:50
1316,143.19,28590.8,-3166.25,2026/01/23 18:11:50
1317,143.3,28597.3,-3164.9,2026/01/23 18:11:51
1318,143.41,28595.5,-3164.8,2026/01/23 18:11:51
1319,143.52,28602.8,-3164.77,2026/01/23 18:11:51
1320,143.62,28606.3,-3163.86,2026/01/23 18:11:51
1321,143.74,28606.3,-3166.73,2026/01/23 18:11:51
1322,143.84,28605.7,-3161.49,2026/01/23 18:11:51
1323,143.95,28605.6,-3168.3,2026/01/23 18:11:51
1324,144.06,28610.2,-3159.76,2026/01/23 18:11:51
1325,144.17,28603,-3168.44,2026/01/23 18:11:51
1326,144.28,28615.9,-3161.85,2026/01/23 18:11:52
1327,144.39,28601.3,-3166.1,2026/01/23 18:11:52
1328,144.5,28616.3,-3162.6,2026/01/23 18:11:52
1329,144.61,28603.7,-3166.96,2026/01/23 18:11:52
1330,144.71,28613.1,-3161.37,2026/01/23 18:11:52
1331,144.82,28607.3,-3166.09,2026/01/23 18:11:52
1332,144.93,28608.4,-3164.52,2026/01/23 18:11:52
1333,145.04,28615.8,-3163.3,2026/01/23 18:11:52
1334,145.15,28606.8,-3168.03,2026/01/23 18:11:52
1335,145.26,28613.2,-3160.42,2026/01/23 18:11:53
1336,145.37,28609.1,-3170.27,2026/01/23 18:11:53
1337,145.48,28607.4,-3162.02,2026/01/23 18:11:53
1338,145.58,28611.6,-3164.42,2026/01/23 18:11:53
1339,145.69,28599.2,-3167.42,2026/01/23 18:11:53
1340,145.8,28603.7,-3163.67,2026/01/23 18:11:53
1341,145.91,28594.8,-3166.75,2026/01/23 18:11:53
1342,146.02,28602.8,-3164.86,2026/01/23 18:11:53
1343,146.13,28594.5,-3162.36,2026/01/23 18:11:53
1344,146.24,28600.5,-3168.86,2026/01/23 18:11:54
1345,146.35,28588.2,-3162.13,2026/01/23 18:11:54
1346,146.46,28595.8,-3164.83,2026/01/23 18:11:54
1347,146.56,28590,-3165.12,2026/01/23 18:11:54
1348,146.67,28591.8,-3165.54,2026/01/23 18:11:54
1349,146.78,28591.6,-3160.08,2026/01/23 18:11:54
1350,146.89,28580.7,-3166.43,2026/01/23 18:11:54
1351,147,28594.8,-3160.12,2026/01/23 18:11:54
1352,147.11,28577.2,-3166.15,2026/01/23 18:11:54
1353,147.22,28586.2,-3160.81,2026/01/23 18:11:55
1354,147.33,28572.7,-3167,2026/01/23 18:11:55
1355,147.44,28577.2,-3159.21,2026/01/23 18:11:55
1356,147.54,28575.6,-3163.22,2026/01/23 18:11:55
1357,147.65,28569.5,-3162.14,2026/01/23 18:11:55
1358,147.76,28576.5,-3162.04,2026/01/23 18:11:55
1359,147.87,28566.3,-3163.43,2026/01/23 18:11:55
1360,147.98,28570.9,-3160.23,2026/01/23 18:11:55
1361,148.09,28570.1,-3164.26,2026/01/23 18:11:55
1362,148.2,28572.5,-3158.38,2026/01/23 18:11:55
1363,148.31,28569.9,-3163.89,2026/01/23 18:11:56
1364,148.42,28567.2,-3160.45,2026/01/23 18:11:56
1365,148.53,28570.2,-3160.39,2026/01/23 18:11:56
1366,148.63,28561.9,-3164.5,2026/01/23 18:11:56
1367,148.74,28569.4,-3159.64,2026/01/23 18:11:56
1368,148.85,28561.6,-3159.08,2026/01/23 18:11:56
1369,148.96,28566.9,-3164.72,2026/01/23 18:11:56
1370,149.07,28558.1,-3157.8,2026/01/23 18:11:56
1371,149.18,28562.6,-3162.89,2026/01/23 18:11:56
1372,149.29,28557.9,-3158.65,2026/01/23 18:11:57
1373,149.4,28560.2,-3162.08,2026/01/23 18:11:57
1374,149.5,28560.9,-3154.25,2026/01/23 18:11:57
1375,149.61,28552.9,-3163.19,2026/01/23 18:11:57
1376,149.72,28564.7,-3157.36,2026/01/23 18:11:57
1377,149.83,28545.5,-3160.21,2026/01/23 18:11:57
1378,149.94,28560.3,-3159.13,2026/01/23 18:11:57
1379,150.05,28546.7,-3159.93,2026/01/23 18:11:57
1380,150.16,28554.9,-3156.59,2026/01/23 18:11:57
1381,150.27,28544,-3160.71,2026/01/23 18:11:58
1382,150.38,28549.3,-3158.19,2026/01/23 18:11:58
1383,150.48,28546.8,-3160.66,2026/01/23 18:11:58
1384,150.59,28539.7,-3161.48,2026/01/23 18:11:58
1385,150.7,28552.8,-3154.19,2026/01/23 18:11:58
1386,150.81,28543.1,-3167.24,2026/01/23 18:11:58
1387,150.92,28555.5,-3154,2026/01/23 18:11:58
1388,151.03,28554,-3163.31,2026/01/23 18:11:58
1389,151.14,28558.6,-3156.47,2026/01/23 18:11:58
1390,151.25,28565.2,-3160.36,2026/01/23 18:11:59
1391,151.35,28561.4,-3159.48,2026/01/23 18:11:59
1392,151.46,28577.5,-3158.44,2026/01/23 18:11:59
1393,151.57,28574.1,-3162.2,2026/01/23 18:11:59
1394,151.68,28580.9,-3156.73,2026/01/23 18:11:59
1395,151.79,28582.2,-3163.17,2026/01/23 18:11:59
1396,151.9,28587,-3156.85,2026/01/23 18:11:59
1397,152.01,28592.4,-3162.22,2026/01/23 18:11:59
1398,152.12,28593.1,-3161.67,2026/01/23 18:11:59
1399,152.23,28602.3,-3155.48,2026/01/23 18:12:00
1400,152.33,28598.7,-3164.78,2026/01/23 18:12:00
1401,152.44,28611,-3160.93,2026/01/23 18:12:00
1402,152.55,28607.8,-3161.47,2026/01/23 18:12:00
1403,152.66,28619.2,-3165.48,2026/01/23 18:12:00
1404,152.77,28613,-3161.5,2026/01/23 18:12:00
1405,152.88,28622,-3163.75,2026/01/23 18:12:00
1406,152.99,28622.3,-3161.32,2026/01/23 18:12:00
1407,153.09,28624.2,-3168.69,2026/01/23 18:12:00
1408,153.2,28634.5,-3160.43,2026/01/23 18:12:00
1409,153.31,28626.3,-3165.12,2026/01/23 18:12:01
1410,153.42,28644.4,-3162.34,2026/01/23 18:12:01
1411,153.53,28631.7,-3163.73,2026/01/23 18:12:01
1412,153.64,28648.2,-3163.6,2026/01/23 18:12:01
1413,153.75,28639.6,-3164.82,2026/01/23 18:12:01
1414,153.86,28646.4,-3165.22,2026/01/23 18:12:01
1415,153.97,28646.4,-3167.29,2026/01/23 18:12:01
1416,154.07,28643.6,-3166.46,2026/01/23 18:12:01
1417,154.18,28656.8,-3162.12,2026/01/23 18:12:01
1418,154.29,28644.6,-3168.86,2026/01/23 18:12:02
1419,154.4,28664.8,-3160.48,2026/01/23 18:12:02
1420,154.51,28654.2,-3172.2,2026/01/23 18:12:02
1421,154.62,28667.7,-3163.03,2026/01/23 18:12:02
1422,154.73,28658.1,-3168.95,2026/01/23 18:12:02
1423,154.84,28670.9,-3163.43,2026/01/23 18:12:02
1424,154.95,28672.6,-3167.37,2026/01/23 18:12:02
1425,155.06,28672,-3165.27,2026/01/23 18:12:02
1426,155.16,28682.5,-3168.96,2026/01/23 18:12:02
1427,155.27,28677.6,-3171.04,2026/01/23 18:12:03
1428,155.38,28687.4,-3161.43,2026/01/23 18:12:03
1429,155.49,28686.5,-3175.58,2026/01/23 18:12:03
1430,155.6,28698.6,-3160.62,2026/01/23 18:12:03
1431,155.71,28697.8,-3170.6,2026/01/23 18:12:03
1432,155.82,28701,-3165.16,2026/01/23 18:12:03
1433,155.93,28704.8,-3167.06,2026/01/23 18:12:03
1434,156.03,28698,-3167.23,2026/01/23 18:12:03
1435,156.14,28709.3,-3168.81,2026/01/23 18:12:03
1436,156.25,28701.7,-3169.18,2026/01/23 18:12:04
1437,156.36,28708.2,-3168.47,2026/01/23 18:12:04
1438,156.47,28702.1,-3171.92,2026/01/23 18:12:04
1439,156.58,28703.7,-3165.05,2026/01/23 18:12:04
1440,156.69,28696.5,-3171.53,2026/01/23 18:12:04
1441,156.8,28693.8,-3167.75,2026/01/23 18:12:04
1442,156.91,28697.9,-3168.59,2026/01/23 18:12:04
1443,157.02,28683.3,-3168.99,2026/01/23 18:12:04
1444,157.12,28688.1,-3166.36,2026/01/23 18:12:04
1445,157.23,28675.2,-3168.41,2026/01/23 18:12:05
1446,157.35,28682.8,-3165.02,2026/01/23 18:12:05
1447,157.45,28669.4,-3169.85,2026/01/23 18:12:05
1448,157.56,28675.7,-3168.98,2026/01/23 18:12:05
1449,157.67,28668.4,-3165.36,2026/01/23 18:12:05
1450,157.78,28673.1,-3169.46,2026/01/23 18:12:05
1451,157.89,28665.7,-3164.97,2026/01/23 18:12:05
1452,158,28667.7,-3166.73,2026/01/23 18:12:05
1453,158.11,28667.3,-3165.3,2026/01/23 18:12:05
1454,158.22,28667.1,-3168.73,2026/01/23 18:12:06
1455,158.33,28667.6,-3164.27,2026/01/23 18:12:06
1456,158.44,28661.3,-3173.67,2026/01/23 18:12:06
1457,158.54,28669.6,-3163.06,2026/01/23 18:12:06
1458,158.65,28659.9,-3167.36,2026/01/23 18:12:06
1459,158.76,28672.1,-3165.13,2026/01/23 18:12:06
1460,158.87,28656.5,-3163.13,2026/01/23 18:12:06
1461,158.98,28665.6,-3167.51,2026/01/23 18:12:06
1462,159.09,28656.3,-3164.55,2026/01/23 18:12:06
1463,159.2,28662.7,-3168.68,2026/01/23 18:12:06
1464,159.31,28658.3,-3163.5,2026/01/23 18:12:07
1465,159.42,28660.3,-3168.54,2026/01/23 18:12:07
1466,159.52,28663.2,-3160.7,2026/01/23 18:12:07
1467,159.63,28655.9,-3168.82,2026/01/23 18:12:07
1468,159.74,28669.5,-3164.39,2026/01/23 18:12:07
1469,159.85,28651.3,-3163.99,2026/01/23 18:12:07
1470,159.96,28664.7,-3166.12,2026/01/23 18:12:07
1471,160.07,28653.6,-3165.85,2026/01/23 18:12:07
1472,160.18,28662.1,-3166.64,2026/01/23 18:12:07
1473,160.29,28651.4,-3163.53,2026/01/23 18:12:08
1474,160.4,28653.1,-3163.74,2026/01/23 18:12:08
1475,160.51,28656.1,-3163.56,2026/01/23 18:12:08
1476,160.61,28644.2,-3168.26,2026/01/23 18:12:08
1477,160.72,28659.5,-3161.88,2026/01/23 18:12:08
1478,160.83,28649.6,-3167.64,2026/01/23 18:12:08
1479,160.94,28661.3,-3163.38,2026/01/23 18:12:08
1480,161.05,28660.8,-3166.53,2026/01/23 18:12:08
1481,161.16,28670.4,-3166.12,2026/01/23 18:12:08
1482,161.27,28675,-3168.43,2026/01/23 18:12:09
1483,161.38,28680.9,-3167.53,2026/01/23 18:12:09
1484,161.48,28691.8,-3165.13,2026/01/23 18:12:09
1485,161.59,28684.7,-3172.57,2026/01/23 18:12:09
1486,161.7,28704.9,-3159.15,2026/01/23 18:12:09
1487,161.81,28691.9,-3173.42,2026/01/23 18:12:09
1488,161.92,28708.1,-3163.17,2026/01/23 18:12:09
1489,162.03,28703.7,-3170.41,2026/01/23 18:12:09
1490,162.14,28713.8,-3165.22,2026/01/23 18:12:09
1491,162.25,28712.6,-3170.24,2026/01/23 18:12:10
1492,162.36,28715.2,-3166.09,2026/01/23 18:12:10
1493,162.47,28723.3,-3165.37,2026/01/23 18:12:10
1494,162.57,28715.2,-3174,2026/01/23 18:12:10
1495,162.68,28727.9,-3161.59,2026/01/23 18:12:10
1496,162.79,28716.8,-3177.64,2026/01/23 18:12:10
1497,162.9,28730.7,-3163.59,2026/01/23 18:12:10
1498,163.01,28725.7,-3173.48,2026/01/23 18:12:10
1499,163.12,28731.5,-3165.41,2026/01/23 18:12:10
1500,163.23,28734.3,-3171.34,2026/01/23 18:12:11
1501,163.34,28729.7,-3167.38,2026/01/23 18:12:11
1502,163.44,28740,-3167.55,2026/01/23 18:12:11
1503,163.55,28734.2,-3174.57,2026/01/23 18:12:11
1504,163.66,28745.6,-3163.9,2026/01/23 18:12:11
1505,163.77,28742.9,-3175.47,2026/01/23 18:12:11
1506,163.88,28747.7,-3167.36,2026/01/23 18:12:11
1507,163.99,28752.6,-3170.59,2026/01/23 18:12:11
1508,164.1,28746.3,-3170.71,2026/01/23 18:12:11
1509,164.2,28757.9,-3171.89,2026/01/23 18:12:11
1510,164.31,28746.6,-3173.77,2026/01/23 18:12:12
1511,164.42,28758.3,-3169.51,2026/01/23 18:12:12
1512,164.53,28759.5,-3177.24,2026/01/23 18:12:12
1513,164.64,28763.9,-3165.57,2026/01/23 18:12:12
1514,164.75,28758.3,-3175.83,2026/01/23 18:12:12
1515,164.86,28758.2,-3165.6,2026/01/23 18:12:12
1516,164.97,28757.9,-3174.09,2026/01/23 18:12:12
1517,165.08,28750.9,-3170.38,2026/01/23 18:12:12
1518,165.19,28760,-3170.31,2026/01/23 18:12:12
1519,165.3,28749.4,-3172.47,2026/01/23 18:12:13
1520,165.4,28753.4,-3168.79,2026/01/23 18:12:13
1521,165.51,28742.4,-3176.06,2026/01/23 18:12:13
1522,165.62,28742.9,-3164.99,2026/01/23 18:12:13
1523,165.73,28729.2,-3176.19,2026/01/23 18:12:13
1524,165.84,28721.4,-3166.99,2026/01/23 18:12:13
1525,165.95,28723.1,-3171.25,2026/01/23 18:12:13
1526,166.06,28708.9,-3168.91,2026/01/23 18:12:13
1527,166.16,28712,-3167.06,2026/01/23 18:12:13
1528,166.27,28701.4,-3170.88,2026/01/23 18:12:14
1529,166.38,28700.8,-3163.53,2026/01/23 18:12:14
1530,166.49,28693.4,-3173.69,2026/01/23 18:12:14
1531,166.6,28693.3,-3163.35,2026/01/23 18:12:14
1532,166.71,28687.6,-3173.4,2026/01/23 18:12:14
1533,166.82,28686,-3164.76,2026/01/23 18:12:14
1534,166.93,28683.4,-3169.26,2026/01/23 18:12:14
1535,167.04,28676,-3167.73,2026/01/23 18:12:14
1536,167.15,28683.8,-3167.82,2026/01/23 18:12:14
1537,167.25,28671.8,-3167.48,2026/01/23 18:12:15
1538,167.36,28674.4,-3164.18,2026/01/23 18:12:15
1539,167.47,28668.4,-3170.66,2026/01/23 18:12:15
1540,167.58,28671.2,-3161.08,2026/01/23 18:12:15
1541,167.69,28669.3,-3170.11,2026/01/23 18:12:15
1542,167.8,28666.1,-3163.07,2026/01/23 18:12:15
1543,167.91,28675.2,-3165.61,2026/01/23 18:12:15
1544,168.02,28667.1,-3165,2026/01/23 18:12:15
1545,168.13,28681.5,-3166.77,2026/01/23 18:12:15
1546,168.23,28680.6,-3168.79,2026/01/23 18:12:16
1547,168.34,28693.1,-3162.42,2026/01/23 18:12:16
1548,168.45,28695.4,-3171.07,2026/01/23 18:12:16
1549,168.56,28704.4,-3161,2026/01/23 18:12:16
1550,168.67,28703.2,-3174.23,2026/01/23 18:12:16
1551,168.78,28714.4,-3162.54,2026/01/23 18:12:16
1552,168.89,28717.9,-3171.09,2026/01/23 18:12:16
1553,169,28726.3,-3166.32,2026/01/23 18:12:16
1554,169.11,28733.7,-3169.42,2026/01/23 18:12:16
1555,169.22,28730.3,-3166.82,2026/01/23 18:12:17
1556,169.33,28741.2,-3171.09,2026/01/23 18:12:17
1557,169.44,28735.2,-3168.98,2026/01/23 18:12:17
1558,169.54,28748.7,-3166.27,2026/01/23 18:12:17
1559,169.65,28738.8,-3175.76,2026/01/23 18:12:17
1560,169.76,28750.8,-3163.26,2026/01/23 18:12:17
1561,169.87,28744.4,-3177.56,2026/01/23 18:12:17
1562,169.98,28757,-3164.4,2026/01/23 18:12:17
1563,170.09,28751.3,-3173.95,2026/01/23 18:12:17
1564,170.2,28761,-3166.09,2026/01/23 18:12:17
1565,170.31,28762.3,-3171.29,2026/01/23 18:12:18
1566,170.42,28765.2,-3169.19,2026/01/23 18:12:18
1567,170.53,28770.9,-3171.58,2026/01/23 18:12:18
1568,170.64,28766.3,-3171.16,2026/01/23 18:12:18
1569,170.74,28778.4,-3168.65,2026/01/23 18:12:18
1570,170.85,28768.8,-3176.37,2026/01/23 18:12:18
1571,170.96,28787.7,-3165.81,2026/01/23 18:12:18
1572,171.07,28775.2,-3178.41,2026/01/23 18:12:18
1573,171.18,28795.5,-3169.1,2026/01/23 18:12:18
1574,171.29,28784.5,-3174.1,2026/01/23 18:12:19
1575,171.4,28798.6,-3171.36,2026/01/23 18:12:19
1576,171.51,28791.6,-3172.72,2026/01/23 18:12:19
1577,171.62,28798.5,-3170.88,2026/01/23 18:12:19
1578,171.73,28795.6,-3174.3,2026/01/23 18:12:19
1579,171.84,28793.7,-3174.45,2026/01/23 18:12:19
1580,171.94,28801.8,-3169.86,2026/01/23 18:12:19
1581,172.05,28788.2,-3177.29,2026/01/23 18:12:19
1582,172.16,28803.5,-3169.11,2026/01/23 18:12:19
1583,172.27,28781.9,-3171.31,2026/01/23 18:12:20
1584,172.38,28794.4,-3172.28,2026/01/23 18:12:20
1585,172.49,28782.8,-3169.55,2026/01/23 18:12:20
1586,172.6,28784.1,-3173.82,2026/01/23 18:12:20
1587,172.71,28782.1,-3166.78,2026/01/23 18:12:20
1588,172.81,28772.9,-3174.74,2026/01/23 18:12:20
1589,172.92,28778.5,-3167.7,2026/01/23 18:12:20
1590,173.03,28766.6,-3173.38,2026/01/23 18:12:20
1591,173.14,28777.8,-3171.56,2026/01/23 18:12:20
1592,173.25,28764.7,-3167.98,2026/01/23 18:12:21
1593,173.36,28767.1,-3172.07,2026/01/23 18:12:21
1594,173.47,28763.1,-3168.82,2026/01/23 18:12:21
1595,173.58,28759,-3172.29,2026/01/23 18:12:21
1596,173.69,28756.9,-3165.81,2026/01/23 18:12:21
1597,173.8,28749.3,-3174.21,2026/01/23 18:12:21
1598,173.9,28755.1,-3168.42,2026/01/23 18:12:21
1599,174.01,28745.9,-3167.17,2026/01/23 18:12:21
1600,174.12,28745.3,-3168.73,2026/01/23 18:12:21
1601,174.23,28741.5,-3166.12,2026/01/23 18:12:22
1602,174.34,28743.5,-3166.38,2026/01/23 18:12:22
1603,174.45,28741,-3170.47,2026/01/23 18:12:22
1604,174.56,28738.6,-3167.58,2026/01/23 18:12:22
1605,174.67,28742.3,-3167.48,2026/01/23 18:12:22
1606,174.78,28738.4,-3168.03,2026/01/23 18:12:22
1607,174.89,28750.4,-3165.69,2026/01/23 18:12:22
1608,174.99,28744,-3169.01,2026/01/23 18:12:22
1609,175.1,28755.2,-3165.95,2026/01/23 18:12:22
1610,175.21,28757.8,-3170.92,2026/01/23 18:12:23
1611,175.32,28764.5,-3163.22,2026/01/23 18:12:23
1612,175.43,28765.6,-3174.51,2026/01/23 18:12:23
1613,175.54,28774.9,-3165.37,2026/01/23 18:12:23
1614,175.65,28778.7,-3173.17,2026/01/23 18:12:23
1615,175.76,28783.2,-3165.5,2026/01/23 18:12:23
1616,175.87,28791.5,-3172.08,2026/01/23 18:12:23
1617,175.98,28791.6,-3167.14,2026/01/23 18:12:23
1618,176.08,28806.4,-3171.92,2026/01/23 18:12:23
1619,176.19,28799.6,-3171.23,2026/01/23 18:12:23
1620,176.3,28814.9,-3168.34,2026/01/23 18:12:24
1621,176.41,28806.6,-3176.7,2026/01/23 18:12:24
1622,176.52,28821.6,-3163.47,2026/01/23 18:12:24
1623,176.63,28808.9,-3176,2026/01/23 18:12:24
1624,176.74,28823.1,-3166.9,2026/01/23 18:12:24
1625,176.85,28813.8,-3174.08,2026/01/23 18:12:24
1626,176.96,28820.9,-3168.07,2026/01/23 18:12:24
1627,177.07,28821.7,-3173.32,2026/01/23 18:12:24
1628,177.18,28826.7,-3171.46,2026/01/23 18:12:24
1629,177.28,28831.8,-3170.79,2026/01/23 18:12:25
1630,177.39,28828.2,-3176.69,2026/01/23 18:12:25
1631,177.5,28847.1,-3168.35,2026/01/23 18:12:25
1632,177.61,28830,-3173.42,2026/01/23 18:12:25
1633,177.72,28846.8,-3171.14,2026/01/23 18:12:25
1634,177.83,28837.6,-3172.39,2026/01/23 18:12:25
1635,177.94,28849,-3174.98,2026/01/23 18:12:25
1636,178.05,28849.1,-3171.04,2026/01/23 18:12:25
1637,178.15,28843.1,-3176,2026/01/23 18:12:25
1638,178.26,28855.9,-3172.98,2026/01/23 18:12:26
1639,178.37,28843.5,-3169.18,2026/01/23 18:12:26
1640,178.48,28856.4,-3175.16,2026/01/23 18:12:26
1641,178.59,28849.5,-3171.16,2026/01/23 18:12:26
1642,178.7,28852.1,-3172.94,2026/01/23 18:12:26
1643,178.8,28852.2,-3167.82,2026/01/23 18:12:26
1644,178.91,28849.9,-3175.04,2026/01/23 18:12:26
1645,179.02,28853.7,-3170.82,2026/01/23 18:12:26
1646,179.13,28848.9,-3170.4,2026/01/23 18:12:26
1647,179.24,28851.9,-3173.85,2026/01/23 18:12:27
1648,179.35,28849.1,-3173.51,2026/01/23 18:12:27
1649,179.46,28845.6,-3171.2,2026/01/23 18:12:27
1650,179.56,28852.9,-3171.66,2026/01/23 18:12:27
1651,179.67,28841.3,-3172.84,2026/01/23 18:12:27
1652,179.78,28844.9,-3171.88,2026/01/23 18:12:27
1653,179.89,28822.7,-3174.11,2026/01/23 18:12:27
1654,180,28822.9,-3169.19,2026/01/23 18:12:27
1655,180.11,28810.5,-3176.87,2026/01/23 18:12:27
1656,180.22,28805.8,-3162.93,2026/01/23 18:12:28
1657,180.33,28793,-3177.54,2026/01/23 18:12:28
1658,180.44,28794.5,-3162.37,2026/01/23 18:12:28
1659,180.55,28781.8,-3171.22,2026/01/23 18:12:28
1660,180.66,28782.5,-3163.88,2026/01/23 18:12:28
1661,180.77,28781.8,-3170.47,2026/01/23 18:12:28
1662,180.87,28769.3,-3168.35,2026/01/23 18:12:28
1663,180.98,28775.3,-3164.95,2026/01/23 18:12:28
1664,181.09,28760.5,-3170.82,2026/01/23 18:12:28
1665,181.2,28780.2,-3164.81,2026/01/23 18:12:28
1666,181.31,28770.5,-3167.86,2026/01/23 18:12:29
1667,181.42,28787.9,-3166.83,2026/01/23 18:12:29
1668,181.52,28791.5,-3166.3,2026/01/23 18:12:29
1669,181.63,28805.6,-3170.08,2026/01/23 18:12:29
1670,181.74,28814.3,-3166.51,2026/01/23 18:12:29
1671,181.85,28812.4,-3171.1,2026/01/23 18:12:29
1672,181.96,28830.8,-3169.67,2026/01/23 18:12:29
1673,182.07,28825.8,-3170.24,2026/01/23 18:12:29
1674,182.18,28840.3,-3173.1,2026/01/23 18:12:29
1675,182.29,28836.4,-3171.75,2026/01/23 18:12:30
1676,182.4,28843.7,-3172.9,2026/01/23 18:12:30
1677,182.51,28845.7,-3171.2,2026/01/23 18:12:30
1678,182.62,28848.3,-3173.24,2026/01/23 18:12:30
1679,182.72,28856.5,-3171.16,2026/01/23 18:12:30
1680,182.83,28853.9,-3176.5,2026/01/23 18:12:30
1681,182.94,28867.9,-3173.1,2026/01/23 18:12:30
1682,183.05,28863.9,-3175.54,2026/01/23 18:12:30
1683,183.16,28872.8,-3170.4,2026/01/23 18:12:30
1684,183.27,28875.3,-3179.53,2026/01/23 18:12:31
1685,183.38,28883,-3167.91,2026/01/23 18:12:31
1686,183.49,28876.7,-3180.53,2026/01/23 18:12:31
1687,183.6,28883.2,-3164.7,2026/01/23 18:12:31
1688,183.71,28877.2,-3179.98,2026/01/23 18:12:31
1689,183.82,28885.2,-3169.8,2026/01/23 18:12:31
1690,183.93,28879.9,-3174.03,2026/01/23 18:12:31
1691,184.03,28880.2,-3173.03,2026/01/23 18:12:31
1692,184.14,28882.6,-3174.51,2026/01/23 18:12:31
1693,184.25,28881.8,-3175.21,2026/01/23 18:12:32
1694,184.36,28891.2,-3171.82,2026/01/23 18:12:32
1695,184.47,28878.3,-3175.38,2026/01/23 18:12:32
1696,184.58,28895.1,-3169.16,2026/01/23 18:12:32
1697,184.69,28876.6,-3169.87,2026/01/23 18:12:32
1698,184.8,28889.8,-3176.43,2026/01/23 18:12:32
1699,184.91,28874,-3168.96,2026/01/23 18:12:32
1700,185.02,28877.8,-3173.83,2026/01/23 18:12:32
1701,185.12,28880.2,-3170.53,2026/01/23 18:12:32
1702,185.23,28881.3,-3173.94,2026/01/23 18:12:33
1703,185.34,28883.4,-3169.95,2026/01/23 18:12:33
1704,185.45,28870,-3174.77,2026/01/23 18:12:33
1705,185.56,28856.7,-3172.49,2026/01/23 18:12:33
1706,185.67,28846.7,-3174.69,2026/01/23 18:12:33
1707,185.78,28840.5,-3169.34,2026/01/23 18:12:33
1708,185.89,28834,-3175.49,2026/01/23 18:12:33
1709,185.99,28828.4,-3167.42,2026/01/23 18:12:33
1710,186.1,28824.1,-3173.08,2026/01/23 18:12:33
1711,186.21,28810.5,-3167.97,2026/01/23 18:12:34
1712,186.32,28810.8,-3169.18,2026/01/23 18:12:34
1713,186.43,28791.5,-3169.85,2026/01/23 18:12:34
1714,186.54,28799.6,-3164.63,2026/01/23 18:12:34
1715,186.65,28779.4,-3173.34,2026/01/23 18:12:34
1716,186.76,28802.5,-3164.21,2026/01/23 18:12:34
1717,186.87,28794.7,-3169.88,2026/01/23 18:12:34
1718,186.98,28820,-3167.22,2026/01/23 18:12:34
1719,187.08,28824.2,-3169.57,2026/01/23 18:12:34
1720,187.19,28842.8,-3172.09,2026/01/23 18:12:34
1721,187.3,28851.6,-3169.05,2026/01/23 18:12:35
1722,187.41,28860.3,-3178.2,2026/01/23 18:12:35
1723,187.52,28873.7,-3168.21,2026/01/23 18:12:35
1724,187.63,28868.9,-3170.48,2026/01/23 18:12:35
1725,187.74,28883.4,-3175.64,2026/01/23 18:12:35
1726,187.85,28886,-3173.22,2026/01/23 18:12:35
1727,187.96,28893.6,-3174.26,2026/01/23 18:12:35
1728,188.07,28894.2,-3179.08,2026/01/23 18:12:35
1729,188.17,28895.3,-3173.96,2026/01/23 18:12:35
1730,188.28,28907.8,-3178.71,2026/01/23 18:12:36
1731,188.39,28900,-3173.74,2026/01/23 18:12:36
1732,188.5,28908,-3174.89,2026/01/23 18:12:36
1733,188.61,28896.3,-3171.61,2026/01/23 18:12:36
1734,188.72,28908.8,-3171.16,2026/01/23 18:12:36
1735,188.83,28893.8,-3178.73,2026/01/23 18:12:36
1736,188.94,28907.6,-3164.28,2026/01/23 18:12:36
1737,189.04,28893.9,-3175.23,2026/01/23 18:12:36
1738,189.15,28906.9,-3171.1,2026/01/23 18:12:36
1739,189.26,28902.8,-3171.33,2026/01/23 18:12:37
1740,189.37,28903.3,-3170.78,2026/01/23 18:12:37
1741,189.48,28900,-3167.1,2026/01/23 18:12:37
1742,189.59,28889.4,-3174.97,2026/01/23 18:12:37
1743,189.7,28902.3,-3171.29,2026/01/23 18:12:37
1744,189.81,28898.1,-3169.9,2026/01/23 18:12:37
1745,189.91,28904.4,-3175.94,2026/01/23 18:12:37
1746,190.02,28890.2,-3170.71,2026/01/23 18:12:37
1747,190.13,28873.9,-3173.79,2026/01/23 18:12:37
1748,190.24,28872.1,-3170.92,2026/01/23 18:12:38
1749,190.35,28857.4,-3171.62,2026/01/23 18:12:38
1750,190.46,28853.6,-3167.42,2026/01/23 18:12:38
1751,190.57,28843.4,-3170.92,2026/01/23 18:12:38
1752,190.68,28840.2,-3163.92,2026/01/23 18:12:38
1753,190.78,28833.3,-3174.32,2026/01/23 18:12:38
1754,190.89,28832.9,-3163.26,2026/01/23 18:12:38
1755,191,28822.6,-3170.98,2026/01/23 18:12:38
1756,191.11,28815.8,-3162.81,2026/01/23 18:12:38
1757,191.22,28817.2,-3168.78,2026/01/23 18:12:39
1758,191.33,28814,-3165.25,2026/01/23 18:12:39
1759,191.44,28820.3,-3166.78,2026/01/23 18:12:39
1760,191.55,28818.6,-3171.38,2026/01/23 18:12:39
1761,191.66,28841.5,-3162.65,2026/01/23 18:12:39
1762,191.76,28834.4,-3169.54,2026/01/23 18:12:39
1763,191.87,28857.9,-3170.06,2026/01/23 18:12:39
1764,191.98,28858.3,-3168.76,2026/01/23 18:12:39
1765,192.09,28872.8,-3170.81,2026/01/23 18:12:39
1766,192.2,28874.2,-3168.6,2026/01/23 18:12:39
1767,192.31,28876.1,-3175.3,2026/01/23 18:12:40
1768,192.42,28891,-3168.42,2026/01/23 18:12:40
1769,192.53,28882.7,-3170.73,2026/01/23 18:12:40
1770,192.63,28894.3,-3175.47,2026/01/23 18:12:40
1771,192.74,28897.2,-3170.58,2026/01/23 18:12:40
1772,192.85,28900.4,-3174.19,2026/01/23 18:12:40
1773,192.96,28911.1,-3174.06,2026/01/23 18:12:40
1774,193.07,28913.4,-3174.57,2026/01/23 18:12:40
1775,193.18,28927.1,-3171,2026/01/23 18:12:40
1776,193.29,28913.1,-3172.4,2026/01/23 18:12:41
1777,193.4,28922.4,-3172.47,2026/01/23 18:12:41
1778,193.51,28915.3,-3173.9,2026/01/23 18:12:41
1779,193.61,28919.8,-3169.75,2026/01/23 18:12:41
1780,193.72,28914.3,-3177.14,2026/01/23 18:12:41
1781,193.83,28916.7,-3166.69,2026/01/23 18:12:41
1782,193.94,28906.7,-3174.83,2026/01/23 18:12:41
1783,194.05,28912.8,-3172.15,2026/01/23 18:12:41
1784,194.16,28920.8,-3174.06,2026/01/23 18:12:41
1785,194.27,28903,-3178.01,2026/01/23 18:12:42
1786,194.37,28910.1,-3165.35,2026/01/23 18:12:42
1787,194.48,28883.8,-3176.26,2026/01/23 18:12:42
1788,194.59,28889.9,-3167.34,2026/01/23 18:12:42
1789,194.7,28863.7,-3173.04,2026/01/23 18:12:42
1790,194.81,28868.6,-3168.37,2026/01/23 18:12:42
1791,194.92,28855.6,-3168.18,2026/01/23 18:12:42
1792,195.03,28851.2,-3171.21,2026/01/23 18:12:42
1793,195.14,28846.9,-3164.49,2026/01/23 18:12:42
1794,195.25,28834.4,-3171.2,2026/01/23 18:12:43
1795,195.36,28843.6,-3164.91,2026/01/23 18:12:43
1796,195.46,28827.1,-3169.17,2026/01/23 18:12:43
1797,195.57,28836.6,-3169.86,2026/01/23 18:12:43
1798,195.68,28822.7,-3166.37,2026/01/23 18:12:43
1799,195.79,28833.7,-3171.7,2026/01/23 18:12:43
1800,195.9,28832.1,-3166.85,2026/01/23 18:12:43
1801,196.01,28838.7,-3168.8,2026/01/23 18:12:43
1802,196.12,28847.8,-3166.9,2026/01/23 18:12:43
1803,196.23,28844.3,-3172.22,2026/01/23 18:12:44
1804,196.34,28857.2,-3166.35,2026/01/23 18:12:44
1805,196.45,28851.7,-3171.64,2026/01/23 18:12:44
1806,196.55,28865.2,-3170.59,2026/01/23 18:12:44
1807,196.66,28869.7,-3170.05,2026/01/23 18:12:44
1808,196.77,28874.9,-3169.75,2026/01/23 18:12:44
1809,196.88,28882.4,-3174.41,2026/01/23 18:12:44
1810,196.99,28890,-3167.25,2026/01/23 18:12:44
1811,197.1,28896.1,-3173.08,2026/01/23 18:12:44
1812,197.21,28893.3,-3170.44,2026/01/23 18:12:44
1813,197.32,28908.9,-3175.07,2026/01/23 18:12:45
1814,197.43,28906.9,-3175.26,2026/01/23 18:12:45
1815,197.53,28924.1,-3170.87,2026/01/23 18:12:45
1816,197.64,28922.2,-3179.15,2026/01/23 18:12:45
1817,197.75,28928.1,-3166.92,2026/01/23 18:12:45
1818,197.86,28916.5,-3179.87,2026/01/23 18:12:45
1819,197.97,28922.3,-3168.14,2026/01/23 18:12:45
1820,198.08,28916.3,-3177.07,2026/01/23 18:12:45
1821,198.19,28914.2,-3170.38,2026/01/23 18:12:45
1822,198.3,28913.6,-3172.76,2026/01/23 18:12:46
1823,198.41,28905.6,-3170.19,2026/01/23 18:12:46
1824,198.52,28913,-3165.94,2026/01/23 18:12:46
1825,198.62,28903.4,-3174.48,2026/01/23 18:12:46
1826,198.73,28906.1,-3162.36,2026/01/23 18:12:46
1827,198.84,28889.1,-3172.97,2026/01/23 18:12:46
1828,198.95,28897.7,-3166.56,2026/01/23 18:12:46
1829,199.06,28886.8,-3170.71,2026/01/23 18:12:46
1830,199.17,28886.1,-3169.51,2026/01/23 18:12:46
1831,199.28,28882.9,-3172.16,2026/01/23 18:12:47
1832,199.39,28883.8,-3175.87,2026/01/23 18:12:47
1833,199.49,28911.6,-3168.43,2026/01/23 18:12:47
1834,199.6,28890.2,-3174.25,2026/01/23 18:12:47
1835,199.71,28889,-3170.63,2026/01/23 18:12:47
1836,199.82,28868.1,-3169.4,2026/01/23 18:12:47
1837,199.93,28866.2,-3172.02,2026/01/23 18:12:47
1838,200.04,28861.8,-3164.67,2026/01/23 18:12:47
1839,200.15,28845.7,-3171.48,2026/01/23 18:12:47
1840,200.26,28850.7,-3163.64,2026/01/23 18:12:48
1841,200.36,28825.1,-3164.31,2026/01/23 18:12:48
1842,200.47,28833.2,-3167.14,2026/01/23 18:12:48
1843,200.58,28821.8,-3165.18,2026/01/23 18:12:48
1844,200.69,28829.4,-3166.94,2026/01/23 18:12:48
1845,200.8,28828.3,-3166.55,2026/01/23 18:12:48
1846,200.91,28829,-3172.12,2026/01/23 18:12:48
1847,201.02,28840.1,-3163.8,2026/01/23 18:12:48
1848,201.13,28827.7,-3169.12,2026/01/23 18:12:48
1849,201.23,28844.2,-3164.81,2026/01/23 18:12:49
1850,201.34,28834.3,-3165.46,2026/01/23 18:12:49
1851,201.45,28850.5,-3170.04,2026/01/23 18:12:49
1852,201.56,28853.1,-3167.8,2026/01/23 18:12:49
1853,201.67,28869.2,-3169.45,2026/01/23 18:12:49
1854,201.78,28872.1,-3167.99,2026/01/23 18:12:49
1855,201.89,28879.2,-3172,2026/01/23 18:12:49
1856,202,28884.7,-3164.64,2026/01/23 18:12:49
1857,202.11,28866.6,-3168.88,2026/01/23 18:12:49
1858,202.22,28842,-3165.19,2026/01/23 18:12:50
1859,202.32,28833.4,-3165.44,2026/01/23 18:12:50
1860,202.43,28844.8,-3169.06,2026/01/23 18:12:50
1861,202.54,28833.2,-3166.14,2026/01/23 18:12:50
1862,202.65,28841.2,-3168.26,2026/01/23 18:12:50
1863,202.76,28834.1,-3165.77,2026/01/23 18:12:50
1864,202.87,28837.5,-3169.71,2026/01/23 18:12:50
1865,202.98,28836,-3164.85,2026/01/23 18:12:50
1866,203.09,28832.1,-3171.14,2026/01/23 18:12:50
1867,203.2,28837.4,-3164.79,2026/01/23 18:12:50
1868,203.3,28832.9,-3170.41,2026/01/23 18:12:51
1869,203.41,28844.2,-3164.88,2026/01/23 18:12:51
1870,203.52,28828.5,-3170.03,2026/01/23 18:12:51
1871,203.63,28845.2,-3168.71,2026/01/23 18:12:51
1872,203.74,28830.3,-3165.71,2026/01/23 18:12:51
1873,203.85,28844,-3168.67,2026/01/23 18:12:51
1874,203.96,28833,-3165.75,2026/01/23 18:12:51
1875,204.07,28840.9,-3169.61,2026/01/23 18:12:51
1876,204.18,28842.8,-3164.24,2026/01/23 18:12:51
1877,204.29,28833.6,-3169.62,2026/01/23 18:12:52
1878,204.4,28849.9,-3163.1,2026/01/23 18:12:52
1879,204.5,28831.7,-3171.82,2026/01/23 18:12:52
1880,204.61,28851.6,-3166.73,2026/01/23 18:12:52
1881,204.72,28838.7,-3167.13,2026/01/23 18:12:52
1882,204.83,28845.6,-3165.18,2026/01/23 18:12:52
1883,204.94,28841.5,-3167.31,2026/01/23 18:12:52
1884,205.05,28844.6,-3165.04,2026/01/23 18:12:52
1885,205.16,28848.4,-3167.9,2026/01/23 18:12:52
1886,205.27,28839.1,-3170.16,2026/01/23 18:12:53
1887,205.38,28852,-3163.48,2026/01/23 18:12:53
1888,205.48,28835.6,-3173.4,2026/01/23 18:12:53
1889,205.59,28848.6,-3159.42,2026/01/23 18:12:53
1890,205.7,28841,-3174.79,2026/01/23 18:12:53
1891,205.81,28844,-3164.55,2026/01/23 18:12:53
1892,205.92,28847.9,-3167.52,2026/01/23 18:12:53
1893,206.03,28840.2,-3168.62,2026/01/23 18:12:53
1894,206.14,28849.3,-3167.97,2026/01/23 18:12:53
1895,206.25,28841,-3170.5,2026/01/23 18:12:54
1896,206.35,28844.5,-3168.44,2026/01/23 18:12:54
1897,206.46,28843.8,-3168.69,2026/01/23 18:12:54
1898,206.57,28845.8,-3165.43,2026/01/23 18:12:54
1899,206.68,28841.6,-3166.2,2026/01/23 18:12:54
1900,206.79,28843.6,-3168.25,2026/01/23 18:12:54
1901,206.9,28846.6,-3164.82,2026/01/23 18:12:54
1902,207.01,28841.8,-3171.79,2026/01/23 18:12:54
1903,207.12,28848.2,-3164.18,2026/01/23 18:12:54
1904,207.23,28838.7,-3169.21,2026/01/23 18:12:55
1905,207.33,28854.1,-3166.42,2026/01/23 18:12:55
1906,207.44,28837.7,-3167.05,2026/01/23 18:12:55
1907,207.55,28850.8,-3168.7,2026/01/23 18:12:55
1908,207.66,28842.8,-3168.42,2026/01/23 18:12:55
1909,207.77,28847.8,-3164.19,2026/01/23 18:12:55
1910,207.88,28846.2,-3172.05,2026/01/23 18:12:55
1911,207.99,28840.6,-3169.91,2026/01/23 18:12:55
1912,208.1,28852.2,-3163.24,2026/01/23 18:12:55
1913,208.21,28842.1,-3168.97,2026/01/23 18:12:55
1914,208.32,28847.8,-3163.8,2026/01/23 18:12:56
1915,208.42,28846.5,-3169.35,2026/01/23 18:12:56
1916,208.53,28845.2,-3167.95,2026/01/23 18:12:56
1917,208.64,28849.2,-3168.46,2026/01/23 18:12:56
1918,208.75,28847.7,-3168.42,2026/01/23 18:12:56
1919,208.86,28849.3,-3165.85,2026/01/23 18:12:56
1920,208.97,28845.2,-3174.94,2026/01/23 18:12:56
1921,209.08,28853.9,-3165.03,2026/01/23 18:12:56
1922,209.19,28844.8,-3171.78,2026/01/23 18:12:56
1923,209.3,28859.3,-3164.46,2026/01/23 18:12:57
1924,209.41,28842.1,-3173.5,2026/01/23 18:12:57
1925,209.51,28858,-3160.22,2026/01/23 18:12:57
1926,209.62,28848.4,-3175.11,2026/01/23 18:12:57
1927,209.73,28854.7,-3162.49,2026/01/23 18:12:57
1928,209.84,28852.2,-3170.19,2026/01/23 18:12:57
1929,209.95,28850.7,-3167.69,2026/01/23 18:12:57
1930,210.06,28855.7,-3166.23,2026/01/23 18:12:57
1931,210.17,28846.6,-3173.02,2026/01/23 18:12:57
1932,210.28,28854.8,-3166.77,2026/01/23 18:12:58
1933,210.39,28843,-3169.42,2026/01/23 18:12:58
1934,210.5,28860.3,-3164.79,2026/01/23 18:12:58
1935,210.61,28841.2,-3172.5,2026/01/23 18:12:58
